Workbook

Sheet Data
A1: 5.1 | B1: 3.5 | C1: 1.4 | D1: 0.2 | E1: Iris-setosa
A2: 4.9 | B2: 3 | C2: 1.4 | D2: 0.2 | E2: Iris-setosa
A3: 4.7 | B3: 3.2 | C3: 1.3 | D3: 0.2 | E3: Iris-setosa
A4: 4.6 | B4: 3.1 | C4: 1.5 | D4: 0.2 | E4: Iris-setosa
A5: 5 | B5: 3.6 | C5: 1.4 | D5: 0.2 | E5: Iris-setosa
A6: 5.4 | B6: 3.9 | C6: 1.7 | D6: 0.4 | E6: Iris-setosa
A7: 4.6 | B7: 3.4 | C7: 1.4 | D7: 0.3 | E7: Iris-setosa
A8: 5 | B8: 3.4 | C8: 1.5 | D8: 0.2 | E8: Iris-setosa
A9: 4.4 | B9: 2.9 | C9: 1.4 | D9: 0.2 | E9: Iris-setosa
A10: 4.9 | B10: 3.1 | C10: 1.5 | D10: 0.1 | E10: Iris-setosa
A11: 5.4 | B11: 3.7 | C11: 1.5 | D11: 0.2 | E11: Iris-setosa
A12: 4.8 | B12: 3.4 | C12: 1.6 | D12: 0.2 | E12: Iris-setosa
... A100: 5.7 | B100: 2.8 | C100: 4.1 | D100: 1.3 | E100: Iris-versicolor

Sheet SLP-Training
G2: Setosa = 0 | I2: Learning Rate | K2: 0.1
G3: Versicolor = 1 | I3: Bobot bias | N3: dot product | O3: Sigmoid | P3: Prediksi | Q3: error | R3: Sum Square Error | S3: Benar? | Z3: REKAP TRAINING PER EPOCH
A4: EPOCH | B4: No | C4: X1 | D4: X2 | E4: X3 | F4: X4 | G4: TARGET | I4: bias | J4: teta1 | K4: teta2 | L4: teta 3 | M4: teta4 | N4: z | O4: g(z) | S4: benar | T4: dbias | U4: dteta1 | V4: dteta2 | W4: dteta3 | X4: dteta4 | Z4: Epoch | AA4: Loss (MSE) | AB4: Accuracy | AC4: bias* | AD4: teta1* | AE4: teta2* | AF4: teta3* | AG4: teta4*
A5: epoch 1 | B5: 1 | C5: 5.1 | D5: 3.5 | E5: 1.4 | F5: 0.2 | G5: 0 | I5: 0.5 | J5: 0.5 | K5: 0.5 | L5: 0.5 | M5: 0.5 | N5: =I5+J5*C5+K5*D5+L5*E5+F5*M5 | O5: =1/(1+EXP(-N5)) | P5: =IF(O5>0.5,1,0) | Q5: =O5-G5 | R5: =Q5^2 | S5: =IF(P5=G5,1,0) | T5: =2*(O5-G5)*(1-O5)*O5 | U5: =2*(O5-G5)*(1-O5)*O5*C5 | V5: =2*(O5-G5)*(1-O5)*O5*D5 | W5: =2*(O5-G5)*(1-O5)*O5*E5 | X5: =2*(O5-G5)*(1-O5)*O5*F5 | Z5: 1 | AA5: =AVERAGE(R5:R84) | AB5: =AVERAGE(S5:S84) | AC5: =I84-$K$2*T84 | AD5: =J84-$K$2*U84 | AE5: =K84-$K$2*V84 | AF5: =L84-$K$2*W84 | AG5: =M84-$K$2*X84
B6: 2 | C6: 4.9 | D6: 3 | E6: 1.4 | F6: 0.2 | G6: 0 | I6: =I5-$K$2*T5 | J6: =J5-$K$2*U5 | K6: =K5-$K$2*V5 | L6: =L5-$K$2*W5 | M6: =M5-$K$2*X5 | N6: =I6+J6*C6+K6*D6+L6*E6+F6*M6 | O6: =1/(1+EXP(-N6)) | P6: =IF(O6>0.5,1,0) | Q6: =O6-G6 | R6: =Q6^2 | S6: =IF(P6=G6,1,0) | T6: =2*(O6-G6)*(1-O6)*O6 | U6: =2*(O6-G6)*(1-O6)*O6*C6 | V6: =2*(O6-G6)*(1-O6)*O6*D6 | W6: =2*(O6-G6)*(1-O6)*O6*E6 | X6: =2*(O6-G6)*(1-O6)*O6*F6 | Z6: 2 | AA6: =AVERAGE(R85:R164) | AB6: =AVERAGE(S85:S164) | AC6: =I164-$K$2*T164 | AD6: =J164-$K$2*U164 | AE6: =K164-$K$2*V164 | AF6: =L164-$K$2*W164 | AG6: =M164-$K$2*X164
B7: 3 | C7: 4.7 | D7: 3.2 | E7: 1.3 | F7: 0.2 | G7: 0 | I7: =I6-$K$2*T6 | J7: =J6-$K$2*U6 | K7: =K6-$K$2*V6 | L7: =L6-$K$2*W6 | M7: =M6-$K$2*X6 | N7: =I7+J7*C7+K7*D7+L7*E7+F7*M7 | O7: =1/(1+EXP(-N7)) | P7: =IF(O7>0.5,1,0) | Q7: =O7-G7 | R7: =Q7^2 | S7: =IF(P7=G7,1,0) | T7: =2*(O7-G7)*(1-O7)*O7 | U7: =2*(O7-G7)*(1-O7)*O7*C7 | V7: =2*(O7-G7)*(1-O7)*O7*D7 | W7: =2*(O7-G7)*(1-O7)*O7*E7 | X7: =2*(O7-G7)*(1-O7)*O7*F7 | Z7: 3 | AA7: =AVERAGE(R165:R244) | AB7: =AVERAGE(S165:S244) | AC7: =I244-$K$2*T244 | AD7: =J244-$K$2*U244 | AE7: =K244-$K$2*V244 | AF7: =L244-$K$2*W244 | AG7: =M244-$K$2*X244
B8: 4 | C8: 4.6 | D8: 3.1 | E8: 1.5 | F8: 0.2 | G8: 0 | I8: =I7-$K$2*T7 | J8: =J7-$K$2*U7 | K8: =K7-$K$2*V7 | L8: =L7-$K$2*W7 | M8: =M7-$K$2*X7 | N8: =I8+J8*C8+K8*D8+L8*E8+F8*M8 | O8: =1/(1+EXP(-N8)) | P8: =IF(O8>0.5,1,0) | Q8: =O8-G8 | R8: =Q8^2 | S8: =IF(P8=G8,1,0) | T8: =2*(O8-G8)*(1-O8)*O8 | U8: =2*(O8-G8)*(1-O8)*O8*C8 | V8: =2*(O8-G8)*(1-O8)*O8*D8 | W8: =2*(O8-G8)*(1-O8)*O8*E8 | X8: =2*(O8-G8)*(1-O8)*O8*F8 | Z8: 4 | AA8: =AVERAGE(R245:R324) | AB8: =AVERAGE(S245:S324) | AC8: =I324-$K$2*T324 | AD8: =J324-$K$2*U324 | AE8: =K324-$K$2*V324 | AF8: =L324-$K$2*W324 | AG8: =M324-$K$2*X324
B9: 5 | C9: 5 | D9: 3.6 | E9: 1.4 | F9: 0.2 | G9: 0 | I9: =I8-$K$2*T8 | J9: =J8-$K$2*U8 | K9: =K8-$K$2*V8 | L9: =L8-$K$2*W8 | M9: =M8-$K$2*X8 | N9: =I9+J9*C9+K9*D9+L9*E9+F9*M9 | O9: =1/(1+EXP(-N9)) | P9: =IF(O9>0.5,1,0) | Q9: =O9-G9 | R9: =Q9^2 | S9: =IF(P9=G9,1,0) | T9: =2*(O9-G9)*(1-O9)*O9 | U9: =2*(O9-G9)*(1-O9)*O9*C9 | V9: =2*(O9-G9)*(1-O9)*O9*D9 | W9: =2*(O9-G9)*(1-O9)*O9*E9 | X9: =2*(O9-G9)*(1-O9)*O9*F9 | Z9: 5 | AA9: =AVERAGE(R325:R404) | AB9: =AVERAGE(S325:S404) | AC9: =I404-$K$2*T404 | AD9: =J404-$K$2*U404 | AE9: =K404-$K$2*V404 | AF9: =L404-$K$2*W404 | AG9: =M404-$K$2*X404
B10: 6 | C10: 5.4 | D10: 3.9 | E10: 1.7 | F10: 0.4 | G10: 0 | I10: =I9-$K$2*T9 | J10: =J9-$K$2*U9 | K10: =K9-$K$2*V9 | L10: =L9-$K$2*W9 | M10: =M9-$K$2*X9 | N10: =I10+J10*C10+K10*D10+L10*E10+F10*M10 | O10: =1/(1+EXP(-N10)) | P10: =IF(O10>0.5,1,0) | Q10: =O10-G10 | R10: =Q10^2 | S10: =IF(P10=G10,1,0) | T10: =2*(O10-G10)*(1-O10)*O10 | U10: =2*(O10-G10)*(1-O10)*O10*C10 | V10: =2*(O10-G10)*(1-O10)*O10*D10 | W10: =2*(O10-G10)*(1-O10)*O10*E10 | X10: =2*(O10-G10)*(1-O10)*O10*F10
B11: 7 | C11: 4.6 | D11: 3.4 | E11: 1.4 | F11: 0.3 | G11: 0 | I11: =I10-$K$2*T10 | J11: =J10-$K$2*U10 | K11: =K10-$K$2*V10 | L11: =L10-$K$2*W10 | M11: =M10-$K$2*X10 | N11: =I11+J11*C11+K11*D11+L11*E11+F11*M11 | O11: =1/(1+EXP(-N11)) | P11: =IF(O11>0.5,1,0) | Q11: =O11-G11 | R11: =Q11^2 | S11: =IF(P11=G11,1,0) | T11: =2*(O11-G11)*(1-O11)*O11 | U11: =2*(O11-G11)*(1-O11)*O11*C11 | V11: =2*(O11-G11)*(1-O11)*O11*D11 | W11: =2*(O11-G11)*(1-O11)*O11*E11 | X11: =2*(O11-G11)*(1-O11)*O11*F11 | Z11: * bobot pada akhir epoch, dipakai oleh sheet SLP-Validation
B12: 8 | C12: 5 | D12: 3.4 | E12: 1.5 | F12: 0.2 | G12: 0 | I12: =I11-$K$2*T11 | J12: =J11-$K$2*U11 | K12: =K11-$K$2*V11 | L12: =L11-$K$2*W11 | M12: =M11-$K$2*X11 | N12: =I12+J12*C12+K12*D12+L12*E12+F12*M12 | O12: =1/(1+EXP(-N12)) | P12: =IF(O12>0.5,1,0) | Q12: =O12-G12 | R12: =Q12^2 | S12: =IF(P12=G12,1,0) | T12: =2*(O12-G12)*(1-O12)*O12 | U12: =2*(O12-G12)*(1-O12)*O12*C12 | V12: =2*(O12-G12)*(1-O12)*O12*D12 | W12: =2*(O12-G12)*(1-O12)*O12*E12 | X12: =2*(O12-G12)*(1-O12)*O12*F12
B13: 9 | C13: 4.4 | D13: 2.9 | E13: 1.4 | F13: 0.2 | G13: 0 | I13: =I12-$K$2*T12 | J13: =J12-$K$2*U12 | K13: =K12-$K$2*V12 | L13: =L12-$K$2*W12 | M13: =M12-$K$2*X12 | N13: =I13+J13*C13+K13*D13+L13*E13+F13*M13 | O13: =1/(1+EXP(-N13)) | P13: =IF(O13>0.5,1,0) | Q13: =O13-G13 | R13: =Q13^2 | S13: =IF(P13=G13,1,0) | T13: =2*(O13-G13)*(1-O13)*O13 | U13: =2*(O13-G13)*(1-O13)*O13*C13 | V13: =2*(O13-G13)*(1-O13)*O13*D13 | W13: =2*(O13-G13)*(1-O13)*O13*E13 | X13: =2*(O13-G13)*(1-O13)*O13*F13
B14: 10 | C14: 4.9 | D14: 3.1 | E14: 1.5 | F14: 0.1 | G14: 0 | I14: =I13-$K$2*T13 | J14: =J13-$K$2*U13 | K14: =K13-$K$2*V13 | L14: =L13-$K$2*W13 | M14: =M13-$K$2*X13 | N14: =I14+J14*C14+K14*D14+L14*E14+F14*M14 | O14: =1/(1+EXP(-N14)) | P14: =IF(O14>0.5,1,0) | Q14: =O14-G14 | R14: =Q14^2 | S14: =IF(P14=G14,1,0) | T14: =2*(O14-G14)*(1-O14)*O14 | U14: =2*(O14-G14)*(1-O14)*O14*C14 | V14: =2*(O14-G14)*(1-O14)*O14*D14 | W14: =2*(O14-G14)*(1-O14)*O14*E14 | X14: =2*(O14-G14)*(1-O14)*O14*F14
B15: 11 | C15: 5.4 | D15: 3.7 | E15: 1.5 | F15: 0.2 | G15: 0 | I15: =I14-$K$2*T14 | J15: =J14-$K$2*U14 | K15: =K14-$K$2*V14 | L15: =L14-$K$2*W14 | M15: =M14-$K$2*X14 | N15: =I15+J15*C15+K15*D15+L15*E15+F15*M15 | O15: =1/(1+EXP(-N15)) | P15: =IF(O15>0.5,1,0) | Q15: =O15-G15 | R15: =Q15^2 | S15: =IF(P15=G15,1,0) | T15: =2*(O15-G15)*(1-O15)*O15 | U15: =2*(O15-G15)*(1-O15)*O15*C15 | V15: =2*(O15-G15)*(1-O15)*O15*D15 | W15: =2*(O15-G15)*(1-O15)*O15*E15 | X15: =2*(O15-G15)*(1-O15)*O15*F15
B16: 12 | C16: 4.8 | D16: 3.4 | E16: 1.6 | F16: 0.2 | G16: 0 | I16: =I15-$K$2*T15 | J16: =J15-$K$2*U15 | K16: =K15-$K$2*V15 | L16: =L15-$K$2*W15 | M16: =M15-$K$2*X15 | N16: =I16+J16*C16+K16*D16+L16*E16+F16*M16 | O16: =1/(1+EXP(-N16)) | P16: =IF(O16>0.5,1,0) | Q16: =O16-G16 | R16: =Q16^2 | S16: =IF(P16=G16,1,0) | T16: =2*(O16-G16)*(1-O16)*O16 | U16: =2*(O16-G16)*(1-O16)*O16*C16 | V16: =2*(O16-G16)*(1-O16)*O16*D16 | W16: =2*(O16-G16)*(1-O16)*O16*E16 | X16: =2*(O16-G16)*(1-O16)*O16*F16
B17: 13 | C17: 4.8 | D17: 3 | E17: 1.4 | F17: 0.1 | G17: 0 | I17: =I16-$K$2*T16 | J17: =J16-$K$2*U16 | K17: =K16-$K$2*V16 | L17: =L16-$K$2*W16 | M17: =M16-$K$2*X16 | N17: =I17+J17*C17+K17*D17+L17*E17+F17*M17 | O17: =1/(1+EXP(-N17)) | P17: =IF(O17>0.5,1,0) | Q17: =O17-G17 | R17: =Q17^2 | S17: =IF(P17=G17,1,0) | T17: =2*(O17-G17)*(1-O17)*O17 | U17: =2*(O17-G17)*(1-O17)*O17*C17 | V17: =2*(O17-G17)*(1-O17)*O17*D17 | W17: =2*(O17-G17)*(1-O17)*O17*E17 | X17: =2*(O17-G17)*(1-O17)*O17*F17
B18: 14 | C18: 4.3 | D18: 3 | E18: 1.1 | F18: 0.1 | G18: 0 | I18: =I17-$K$2*T17 | J18: =J17-$K$2*U17 | K18: =K17-$K$2*V17 | L18: =L17-$K$2*W17 | M18: =M17-$K$2*X17 | N18: =I18+J18*C18+K18*D18+L18*E18+F18*M18 | O18: =1/(1+EXP(-N18)) | P18: =IF(O18>0.5,1,0) | Q18: =O18-G18 | R18: =Q18^2 | S18: =IF(P18=G18,1,0) | T18: =2*(O18-G18)*(1-O18)*O18 | U18: =2*(O18-G18)*(1-O18)*O18*C18 | V18: =2*(O18-G18)*(1-O18)*O18*D18 | W18: =2*(O18-G18)*(1-O18)*O18*E18 | X18: =2*(O18-G18)*(1-O18)*O18*F18
B19: 15 | C19: 5.8 | D19: 4 | E19: 1.2 | F19: 0.2 | G19: 0 | I19: =I18-$K$2*T18 | J19: =J18-$K$2*U18 | K19: =K18-$K$2*V18 | L19: =L18-$K$2*W18 | M19: =M18-$K$2*X18 | N19: =I19+J19*C19+K19*D19+L19*E19+F19*M19 | O19: =1/(1+EXP(-N19)) | P19: =IF(O19>0.5,1,0) | Q19: =O19-G19 | R19: =Q19^2 | S19: =IF(P19=G19,1,0) | T19: =2*(O19-G19)*(1-O19)*O19 | U19: =2*(O19-G19)*(1-O19)*O19*C19 | V19: =2*(O19-G19)*(1-O19)*O19*D19 | W19: =2*(O19-G19)*(1-O19)*O19*E19 | X19: =2*(O19-G19)*(1-O19)*O19*F19
B20: 16 | C20: 5.7 | D20: 4.4 | E20: 1.5 | F20: 0.4 | G20: 0 | I20: =I19-$K$2*T19 | J20: =J19-$K$2*U19 | K20: =K19-$K$2*V19 | L20: =L19-$K$2*W19 | M20: =M19-$K$2*X19 | N20: =I20+J20*C20+K20*D20+L20*E20+F20*M20 | O20: =1/(1+EXP(-N20)) | P20: =IF(O20>0.5,1,0) | Q20: =O20-G20 | R20: =Q20^2 | S20: =IF(P20=G20,1,0) | T20: =2*(O20-G20)*(1-O20)*O20 | U20: =2*(O20-G20)*(1-O20)*O20*C20 | V20: =2*(O20-G20)*(1-O20)*O20*D20 | W20: =2*(O20-G20)*(1-O20)*O20*E20 | X20: =2*(O20-G20)*(1-O20)*O20*F20
B21: 17 | C21: 5.4 | D21: 3.9 | E21: 1.3 | F21: 0.4 | G21: 0 | I21: =I20-$K$2*T20 | J21: =J20-$K$2*U20 | K21: =K20-$K$2*V20 | L21: =L20-$K$2*W20 | M21: =M20-$K$2*X20 | N21: =I21+J21*C21+K21*D21+L21*E21+F21*M21 | O21: =1/(1+EXP(-N21)) | P21: =IF(O21>0.5,1,0) | Q21: =O21-G21 | R21: =Q21^2 | S21: =IF(P21=G21,1,0) | T21: =2*(O21-G21)*(1-O21)*O21 | U21: =2*(O21-G21)*(1-O21)*O21*C21 | V21: =2*(O21-G21)*(1-O21)*O21*D21 | W21: =2*(O21-G21)*(1-O21)*O21*E21 | X21: =2*(O21-G21)*(1-O21)*O21*F21
B22: 18 | C22: 5.1 | D22: 3.5 | E22: 1.4 | F22: 0.3 | G22: 0 | I22: =I21-$K$2*T21 | J22: =J21-$K$2*U21 | K22: =K21-$K$2*V21 | L22: =L21-$K$2*W21 | M22: =M21-$K$2*X21 | N22: =I22+J22*C22+K22*D22+L22*E22+F22*M22 | O22: =1/(1+EXP(-N22)) | P22: =IF(O22>0.5,1,0) | Q22: =O22-G22 | R22: =Q22^2 | S22: =IF(P22=G22,1,0) | T22: =2*(O22-G22)*(1-O22)*O22 | U22: =2*(O22-G22)*(1-O22)*O22*C22 | V22: =2*(O22-G22)*(1-O22)*O22*D22 | W22: =2*(O22-G22)*(1-O22)*O22*E22 | X22: =2*(O22-G22)*(1-O22)*O22*F22
B23: 19 | C23: 5.7 | D23: 3.8 | E23: 1.7 | F23: 0.3 | G23: 0 | I23: =I22-$K$2*T22 | J23: =J22-$K$2*U22 | K23: =K22-$K$2*V22 | L23: =L22-$K$2*W22 | M23: =M22-$K$2*X22 | N23: =I23+J23*C23+K23*D23+L23*E23+F23*M23 | O23: =1/(1+EXP(-N23)) | P23: =IF(O23>0.5,1,0) | Q23: =O23-G23 | R23: =Q23^2 | S23: =IF(P23=G23,1,0) | T23: =2*(O23-G23)*(1-O23)*O23 | U23: =2*(O23-G23)*(1-O23)*O23*C23 | V23: =2*(O23-G23)*(1-O23)*O23*D23 | W23: =2*(O23-G23)*(1-O23)*O23*E23 | X23: =2*(O23-G23)*(1-O23)*O23*F23
... B84: 80 | C84: 5.5 | D84: 2.5 | E84: 4 | F84: 1.3 | G84: 1 | I84: =I83-$K$2*T83 | J84: =J83-$K$2*U83 | K84: =K83-$K$2*V83 | L84: =L83-$K$2*W83 | M84: =M83-$K$2*X83 | N84: =I84+J84*C84+K84*D84+L84*E84+F84*M84 | O84: =1/(1+EXP(-N84)) | P84: =IF(O84>0.5,1,0) | Q84: =O84-G84 | R84: =Q84^2 | S84: =IF(P84=G84,1,0) | T84: =2*(O84-G84)*(1-O84)*O84 | U84: =2*(O84-G84)*(1-O84)*O84*C84 | V84: =2*(O84-G84)*(1-O84)*O84*D84 | W84: =2*(O84-G84)*(1-O84)*O84*E84 | X84: =2*(O84-G84)*(1-O84)*O84*F84
A85: epoch 2 | B85: 1 | C85: 5.1 | D85: 3.5 | E85: 1.4 | F85: 0.2 | G85: 0 | I85: =I84-$K$2*T84 | J85: =J84-$K$2*U84 | K85: =K84-$K$2*V84 | L85: =L84-$K$2*W84 | M85: =M84-$K$2*X84 | N85: =I85+J85*C85+K85*D85+L85*E85+F85*M85 | O85: =1/(1+EXP(-N85)) | P85: =IF(O85>0.5,1,0) | Q85: =O85-G85 | R85: =Q85^2 | S85: =IF(P85=G85,1,0) | T85: =2*(O85-G85)*(1-O85)*O85 | U85: =2*(O85-G85)*(1-O85)*O85*C85 | V85: =2*(O85-G85)*(1-O85)*O85*D85 | W85: =2*(O85-G85)*(1-O85)*O85*E85 | X85: =2*(O85-G85)*(1-O85)*O85*F85
B86: 2 | C86: 4.9 | D86: 3 | E86: 1.4 | F86: 0.2 | G86: 0 | I86: =I85-$K$2*T85 | J86: =J85-$K$2*U85 | K86: =K85-$K$2*V85 | L86: =L85-$K$2*W85 | M86: =M85-$K$2*X85 | N86: =I86+J86*C86+K86*D86+L86*E86+F86*M86 | O86: =1/(1+EXP(-N86)) | P86: =IF(O86>0.5,1,0) | Q86: =O86-G86 | R86: =Q86^2 | S86: =IF(P86=G86,1,0) | T86: =2*(O86-G86)*(1-O86)*O86 | U86: =2*(O86-G86)*(1-O86)*O86*C86 | V86: =2*(O86-G86)*(1-O86)*O86*D86 | W86: =2*(O86-G86)*(1-O86)*O86*E86 | X86: =2*(O86-G86)*(1-O86)*O86*F86
B87: 3 | C87: 4.7 | D87: 3.2 | E87: 1.3 | F87: 0.2 | G87: 0 | I87: =I86-$K$2*T86 | J87: =J86-$K$2*U86 | K87: =K86-$K$2*V86 | L87: =L86-$K$2*W86 | M87: =M86-$K$2*X86 | N87: =I87+J87*C87+K87*D87+L87*E87+F87*M87 | O87: =1/(1+EXP(-N87)) | P87: =IF(O87>0.5,1,0) | Q87: =O87-G87 | R87: =Q87^2 | S87: =IF(P87=G87,1,0) | T87: =2*(O87-G87)*(1-O87)*O87 | U87: =2*(O87-G87)*(1-O87)*O87*C87 | V87: =2*(O87-G87)*(1-O87)*O87*D87 | W87: =2*(O87-G87)*(1-O87)*O87*E87 | X87: =2*(O87-G87)*(1-O87)*O87*F87
B88: 4 | C88: 4.6 | D88: 3.1 | E88: 1.5 | F88: 0.2 | G88: 0 | I88: =I87-$K$2*T87 | J88: =J87-$K$2*U87 | K88: =K87-$K$2*V87 | L88: =L87-$K$2*W87 | M88: =M87-$K$2*X87 | N88: =I88+J88*C88+K88*D88+L88*E88+F88*M88 | O88: =1/(1+EXP(-N88)) | P88: =IF(O88>0.5,1,0) | Q88: =O88-G88 | R88: =Q88^2 | S88: =IF(P88=G88,1,0) | T88: =2*(O88-G88)*(1-O88)*O88 | U88: =2*(O88-G88)*(1-O88)*O88*C88 | V88: =2*(O88-G88)*(1-O88)*O88*D88 | W88: =2*(O88-G88)*(1-O88)*O88*E88 | X88: =2*(O88-G88)*(1-O88)*O88*F88
B89: 5 | C89: 5 | D89: 3.6 | E89: 1.4 | F89: 0.2 | G89: 0 | I89: =I88-$K$2*T88 | J89: =J88-$K$2*U88 | K89: =K88-$K$2*V88 | L89: =L88-$K$2*W88 | M89: =M88-$K$2*X88 | N89: =I89+J89*C89+K89*D89+L89*E89+F89*M89 | O89: =1/(1+EXP(-N89)) | P89: =IF(O89>0.5,1,0) | Q89: =O89-G89 | R89: =Q89^2 | S89: =IF(P89=G89,1,0) | T89: =2*(O89-G89)*(1-O89)*O89 | U89: =2*(O89-G89)*(1-O89)*O89*C89 | V89: =2*(O89-G89)*(1-O89)*O89*D89 | W89: =2*(O89-G89)*(1-O89)*O89*E89 | X89: =2*(O89-G89)*(1-O89)*O89*F89
B90: 6 | C90: 5.4 | D90: 3.9 | E90: 1.7 | F90: 0.4 | G90: 0 | I90: =I89-$K$2*T89 | J90: =J89-$K$2*U89 | K90: =K89-$K$2*V89 | L90: =L89-$K$2*W89 | M90: =M89-$K$2*X89 | N90: =I90+J90*C90+K90*D90+L90*E90+F90*M90 | O90: =1/(1+EXP(-N90)) | P90: =IF(O90>0.5,1,0) | Q90: =O90-G90 | R90: =Q90^2 | S90: =IF(P90=G90,1,0) | T90: =2*(O90-G90)*(1-O90)*O90 | U90: =2*(O90-G90)*(1-O90)*O90*C90 | V90: =2*(O90-G90)*(1-O90)*O90*D90 | W90: =2*(O90-G90)*(1-O90)*O90*E90 | X90: =2*(O90-G90)*(1-O90)*O90*F90
B91: 7 | C91: 4.6 | D91: 3.4 | E91: 1.4 | F91: 0.3 | G91: 0 | I91: =I90-$K$2*T90 | J91: =J90-$K$2*U90 | K91: =K90-$K$2*V90 | L91: =L90-$K$2*W90 | M91: =M90-$K$2*X90 | N91: =I91+J91*C91+K91*D91+L91*E91+F91*M91 | O91: =1/(1+EXP(-N91)) | P91: =IF(O91>0.5,1,0) | Q91: =O91-G91 | R91: =Q91^2 | S91: =IF(P91=G91,1,0) | T91: =2*(O91-G91)*(1-O91)*O91 | U91: =2*(O91-G91)*(1-O91)*O91*C91 | V91: =2*(O91-G91)*(1-O91)*O91*D91 | W91: =2*(O91-G91)*(1-O91)*O91*E91 | X91: =2*(O91-G91)*(1-O91)*O91*F91
B92: 8 | C92: 5 | D92: 3.4 | E92: 1.5 | F92: 0.2 | G92: 0 | I92: =I91-$K$2*T91 | J92: =J91-$K$2*U91 | K92: =K91-$K$2*V91 | L92: =L91-$K$2*W91 | M92: =M91-$K$2*X91 | N92: =I92+J92*C92+K92*D92+L92*E92+F92*M92 | O92: =1/(1+EXP(-N92)) | P92: =IF(O92>0.5,1,0) | Q92: =O92-G92 | R92: =Q92^2 | S92: =IF(P92=G92,1,0) | T92: =2*(O92-G92)*(1-O92)*O92 | U92: =2*(O92-G92)*(1-O92)*O92*C92 | V92: =2*(O92-G92)*(1-O92)*O92*D92 | W92: =2*(O92-G92)*(1-O92)*O92*E92 | X92: =2*(O92-G92)*(1-O92)*O92*F92
B93: 9 | C93: 4.4 | D93: 2.9 | E93: 1.4 | F93: 0.2 | G93: 0 | I93: =I92-$K$2*T92 | J93: =J92-$K$2*U92 | K93: =K92-$K$2*V92 | L93: =L92-$K$2*W92 | M93: =M92-$K$2*X92 | N93: =I93+J93*C93+K93*D93+L93*E93+F93*M93 | O93: =1/(1+EXP(-N93)) | P93: =IF(O93>0.5,1,0) | Q93: =O93-G93 | R93: =Q93^2 | S93: =IF(P93=G93,1,0) | T93: =2*(O93-G93)*(1-O93)*O93 | U93: =2*(O93-G93)*(1-O93)*O93*C93 | V93: =2*(O93-G93)*(1-O93)*O93*D93 | W93: =2*(O93-G93)*(1-O93)*O93*E93 | X93: =2*(O93-G93)*(1-O93)*O93*F93
B94: 10 | C94: 4.9 | D94: 3.1 | E94: 1.5 | F94: 0.1 | G94: 0 | I94: =I93-$K$2*T93 | J94: =J93-$K$2*U93 | K94: =K93-$K$2*V93 | L94: =L93-$K$2*W93 | M94: =M93-$K$2*X93 | N94: =I94+J94*C94+K94*D94+L94*E94+F94*M94 | O94: =1/(1+EXP(-N94)) | P94: =IF(O94>0.5,1,0) | Q94: =O94-G94 | R94: =Q94^2 | S94: =IF(P94=G94,1,0) | T94: =2*(O94-G94)*(1-O94)*O94 | U94: =2*(O94-G94)*(1-O94)*O94*C94 | V94: =2*(O94-G94)*(1-O94)*O94*D94 | W94: =2*(O94-G94)*(1-O94)*O94*E94 | X94: =2*(O94-G94)*(1-O94)*O94*F94
B95: 11 | C95: 5.4 | D95: 3.7 | E95: 1.5 | F95: 0.2 | G95: 0 | I95: =I94-$K$2*T94 | J95: =J94-$K$2*U94 | K95: =K94-$K$2*V94 | L95: =L94-$K$2*W94 | M95: =M94-$K$2*X94 | N95: =I95+J95*C95+K95*D95+L95*E95+F95*M95 | O95: =1/(1+EXP(-N95)) | P95: =IF(O95>0.5,1,0) | Q95: =O95-G95 | R95: =Q95^2 | S95: =IF(P95=G95,1,0) | T95: =2*(O95-G95)*(1-O95)*O95 | U95: =2*(O95-G95)*(1-O95)*O95*C95 | V95: =2*(O95-G95)*(1-O95)*O95*D95 | W95: =2*(O95-G95)*(1-O95)*O95*E95 | X95: =2*(O95-G95)*(1-O95)*O95*F95
B96: 12 | C96: 4.8 | D96: 3.4 | E96: 1.6 | F96: 0.2 | G96: 0 | I96: =I95-$K$2*T95 | J96: =J95-$K$2*U95 | K96: =K95-$K$2*V95 | L96: =L95-$K$2*W95 | M96: =M95-$K$2*X95 | N96: =I96+J96*C96+K96*D96+L96*E96+F96*M96 | O96: =1/(1+EXP(-N96)) | P96: =IF(O96>0.5,1,0) | Q96: =O96-G96 | R96: =Q96^2 | S96: =IF(P96=G96,1,0) | T96: =2*(O96-G96)*(1-O96)*O96 | U96: =2*(O96-G96)*(1-O96)*O96*C96 | V96: =2*(O96-G96)*(1-O96)*O96*D96 | W96: =2*(O96-G96)*(1-O96)*O96*E96 | X96: =2*(O96-G96)*(1-O96)*O96*F96
B97: 13 | C97: 4.8 | D97: 3 | E97: 1.4 | F97: 0.1 | G97: 0 | I97: =I96-$K$2*T96 | J97: =J96-$K$2*U96 | K97: =K96-$K$2*V96 | L97: =L96-$K$2*W96 | M97: =M96-$K$2*X96 | N97: =I97+J97*C97+K97*D97+L97*E97+F97*M97 | O97: =1/(1+EXP(-N97)) | P97: =IF(O97>0.5,1,0) | Q97: =O97-G97 | R97: =Q97^2 | S97: =IF(P97=G97,1,0) | T97: =2*(O97-G97)*(1-O97)*O97 | U97: =2*(O97-G97)*(1-O97)*O97*C97 | V97: =2*(O97-G97)*(1-O97)*O97*D97 | W97: =2*(O97-G97)*(1-O97)*O97*E97 | X97: =2*(O97-G97)*(1-O97)*O97*F97
... B164: 80 | C164: 5.5 | D164: 2.5 | E164: 4 | F164: 1.3 | G164: 1 | I164: =I163-$K$2*T163 | J164: =J163-$K$2*U163 | K164: =K163-$K$2*V163 | L164: =L163-$K$2*W163 | M164: =M163-$K$2*X163 | N164: =I164+J164*C164+K164*D164+L164*E164+F164*M164 | O164: =1/(1+EXP(-N164)) | P164: =IF(O164>0.5,1,0) | Q164: =O164-G164 | R164: =Q164^2 | S164: =IF(P164=G164,1,0) | T164: =2*(O164-G164)*(1-O164)*O164 | U164: =2*(O164-G164)*(1-O164)*O164*C164 | V164: =2*(O164-G164)*(1-O164)*O164*D164 | W164: =2*(O164-G164)*(1-O164)*O164*E164 | X164: =2*(O164-G164)*(1-O164)*O164*F164
A165: epoch 3 | B165: 1 | C165: 5.1 | D165: 3.5 | E165: 1.4 | F165: 0.2 | G165: 0 | I165: =I164-$K$2*T164 | J165: =J164-$K$2*U164 | K165: =K164-$K$2*V164 | L165: =L164-$K$2*W164 | M165: =M164-$K$2*X164 | N165: =I165+J165*C165+K165*D165+L165*E165+F165*M165 | O165: =1/(1+EXP(-N165)) | P165: =IF(O165>0.5,1,0) | Q165: =O165-G165 | R165: =Q165^2 | S165: =IF(P165=G165,1,0) | T165: =2*(O165-G165)*(1-O165)*O165 | U165: =2*(O165-G165)*(1-O165)*O165*C165 | V165: =2*(O165-G165)*(1-O165)*O165*D165 | W165: =2*(O165-G165)*(1-O165)*O165*E165 | X165: =2*(O165-G165)*(1-O165)*O165*F165
B166: 2 | C166: 4.9 | D166: 3 | E166: 1.4 | F166: 0.2 | G166: 0 | I166: =I165-$K$2*T165 | J166: =J165-$K$2*U165 | K166: =K165-$K$2*V165 | L166: =L165-$K$2*W165 | M166: =M165-$K$2*X165 | N166: =I166+J166*C166+K166*D166+L166*E166+F166*M166 | O166: =1/(1+EXP(-N166)) | P166: =IF(O166>0.5,1,0) | Q166: =O166-G166 | R166: =Q166^2 | S166: =IF(P166=G166,1,0) | T166: =2*(O166-G166)*(1-O166)*O166 | U166: =2*(O166-G166)*(1-O166)*O166*C166 | V166: =2*(O166-G166)*(1-O166)*O166*D166 | W166: =2*(O166-G166)*(1-O166)*O166*E166 | X166: =2*(O166-G166)*(1-O166)*O166*F166
B167: 3 | C167: 4.7 | D167: 3.2 | E167: 1.3 | F167: 0.2 | G167: 0 | I167: =I166-$K$2*T166 | J167: =J166-$K$2*U166 | K167: =K166-$K$2*V166 | L167: =L166-$K$2*W166 | M167: =M166-$K$2*X166 | N167: =I167+J167*C167+K167*D167+L167*E167+F167*M167 | O167: =1/(1+EXP(-N167)) | P167: =IF(O167>0.5,1,0) | Q167: =O167-G167 | R167: =Q167^2 | S167: =IF(P167=G167,1,0) | T167: =2*(O167-G167)*(1-O167)*O167 | U167: =2*(O167-G167)*(1-O167)*O167*C167 | V167: =2*(O167-G167)*(1-O167)*O167*D167 | W167: =2*(O167-G167)*(1-O167)*O167*E167 | X167: =2*(O167-G167)*(1-O167)*O167*F167
B168: 4 | C168: 4.6 | D168: 3.1 | E168: 1.5 | F168: 0.2 | G168: 0 | I168: =I167-$K$2*T167 | J168: =J167-$K$2*U167 | K168: =K167-$K$2*V167 | L168: =L167-$K$2*W167 | M168: =M167-$K$2*X167 | N168: =I168+J168*C168+K168*D168+L168*E168+F168*M168 | O168: =1/(1+EXP(-N168)) | P168: =IF(O168>0.5,1,0) | Q168: =O168-G168 | R168: =Q168^2 | S168: =IF(P168=G168,1,0) | T168: =2*(O168-G168)*(1-O168)*O168 | U168: =2*(O168-G168)*(1-O168)*O168*C168 | V168: =2*(O168-G168)*(1-O168)*O168*D168 | W168: =2*(O168-G168)*(1-O168)*O168*E168 | X168: =2*(O168-G168)*(1-O168)*O168*F168
B169: 5 | C169: 5 | D169: 3.6 | E169: 1.4 | F169: 0.2 | G169: 0 | I169: =I168-$K$2*T168 | J169: =J168-$K$2*U168 | K169: =K168-$K$2*V168 | L169: =L168-$K$2*W168 | M169: =M168-$K$2*X168 | N169: =I169+J169*C169+K169*D169+L169*E169+F169*M169 | O169: =1/(1+EXP(-N169)) | P169: =IF(O169>0.5,1,0) | Q169: =O169-G169 | R169: =Q169^2 | S169: =IF(P169=G169,1,0) | T169: =2*(O169-G169)*(1-O169)*O169 | U169: =2*(O169-G169)*(1-O169)*O169*C169 | V169: =2*(O169-G169)*(1-O169)*O169*D169 | W169: =2*(O169-G169)*(1-O169)*O169*E169 | X169: =2*(O169-G169)*(1-O169)*O169*F169
B170: 6 | C170: 5.4 | D170: 3.9 | E170: 1.7 | F170: 0.4 | G170: 0 | I170: =I169-$K$2*T169 | J170: =J169-$K$2*U169 | K170: =K169-$K$2*V169 | L170: =L169-$K$2*W169 | M170: =M169-$K$2*X169 | N170: =I170+J170*C170+K170*D170+L170*E170+F170*M170 | O170: =1/(1+EXP(-N170)) | P170: =IF(O170>0.5,1,0) | Q170: =O170-G170 | R170: =Q170^2 | S170: =IF(P170=G170,1,0) | T170: =2*(O170-G170)*(1-O170)*O170 | U170: =2*(O170-G170)*(1-O170)*O170*C170 | V170: =2*(O170-G170)*(1-O170)*O170*D170 | W170: =2*(O170-G170)*(1-O170)*O170*E170 | X170: =2*(O170-G170)*(1-O170)*O170*F170
B171: 7 | C171: 4.6 | D171: 3.4 | E171: 1.4 | F171: 0.3 | G171: 0 | I171: =I170-$K$2*T170 | J171: =J170-$K$2*U170 | K171: =K170-$K$2*V170 | L171: =L170-$K$2*W170 | M171: =M170-$K$2*X170 | N171: =I171+J171*C171+K171*D171+L171*E171+F171*M171 | O171: =1/(1+EXP(-N171)) | P171: =IF(O171>0.5,1,0) | Q171: =O171-G171 | R171: =Q171^2 | S171: =IF(P171=G171,1,0) | T171: =2*(O171-G171)*(1-O171)*O171 | U171: =2*(O171-G171)*(1-O171)*O171*C171 | V171: =2*(O171-G171)*(1-O171)*O171*D171 | W171: =2*(O171-G171)*(1-O171)*O171*E171 | X171: =2*(O171-G171)*(1-O171)*O171*F171
B172: 8 | C172: 5 | D172: 3.4 | E172: 1.5 | F172: 0.2 | G172: 0 | I172: =I171-$K$2*T171 | J172: =J171-$K$2*U171 | K172: =K171-$K$2*V171 | L172: =L171-$K$2*W171 | M172: =M171-$K$2*X171 | N172: =I172+J172*C172+K172*D172+L172*E172+F172*M172 | O172: =1/(1+EXP(-N172)) | P172: =IF(O172>0.5,1,0) | Q172: =O172-G172 | R172: =Q172^2 | S172: =IF(P172=G172,1,0) | T172: =2*(O172-G172)*(1-O172)*O172 | U172: =2*(O172-G172)*(1-O172)*O172*C172 | V172: =2*(O172-G172)*(1-O172)*O172*D172 | W172: =2*(O172-G172)*(1-O172)*O172*E172 | X172: =2*(O172-G172)*(1-O172)*O172*F172
B173: 9 | C173: 4.4 | D173: 2.9 | E173: 1.4 | F173: 0.2 | G173: 0 | I173: =I172-$K$2*T172 | J173: =J172-$K$2*U172 | K173: =K172-$K$2*V172 | L173: =L172-$K$2*W172 | M173: =M172-$K$2*X172 | N173: =I173+J173*C173+K173*D173+L173*E173+F173*M173 | O173: =1/(1+EXP(-N173)) | P173: =IF(O173>0.5,1,0) | Q173: =O173-G173 | R173: =Q173^2 | S173: =IF(P173=G173,1,0) | T173: =2*(O173-G173)*(1-O173)*O173 | U173: =2*(O173-G173)*(1-O173)*O173*C173 | V173: =2*(O173-G173)*(1-O173)*O173*D173 | W173: =2*(O173-G173)*(1-O173)*O173*E173 | X173: =2*(O173-G173)*(1-O173)*O173*F173
B174: 10 | C174: 4.9 | D174: 3.1 | E174: 1.5 | F174: 0.1 | G174: 0 | I174: =I173-$K$2*T173 | J174: =J173-$K$2*U173 | K174: =K173-$K$2*V173 | L174: =L173-$K$2*W173 | M174: =M173-$K$2*X173 | N174: =I174+J174*C174+K174*D174+L174*E174+F174*M174 | O174: =1/(1+EXP(-N174)) | P174: =IF(O174>0.5,1,0) | Q174: =O174-G174 | R174: =Q174^2 | S174: =IF(P174=G174,1,0) | T174: =2*(O174-G174)*(1-O174)*O174 | U174: =2*(O174-G174)*(1-O174)*O174*C174 | V174: =2*(O174-G174)*(1-O174)*O174*D174 | W174: =2*(O174-G174)*(1-O174)*O174*E174 | X174: =2*(O174-G174)*(1-O174)*O174*F174
B175: 11 | C175: 5.4 | D175: 3.7 | E175: 1.5 | F175: 0.2 | G175: 0 | I175: =I174-$K$2*T174 | J175: =J174-$K$2*U174 | K175: =K174-$K$2*V174 | L175: =L174-$K$2*W174 | M175: =M174-$K$2*X174 | N175: =I175+J175*C175+K175*D175+L175*E175+F175*M175 | O175: =1/(1+EXP(-N175)) | P175: =IF(O175>0.5,1,0) | Q175: =O175-G175 | R175: =Q175^2 | S175: =IF(P175=G175,1,0) | T175: =2*(O175-G175)*(1-O175)*O175 | U175: =2*(O175-G175)*(1-O175)*O175*C175 | V175: =2*(O175-G175)*(1-O175)*O175*D175 | W175: =2*(O175-G175)*(1-O175)*O175*E175 | X175: =2*(O175-G175)*(1-O175)*O175*F175
B176: 12 | C176: 4.8 | D176: 3.4 | E176: 1.6 | F176: 0.2 | G176: 0 | I176: =I175-$K$2*T175 | J176: =J175-$K$2*U175 | K176: =K175-$K$2*V175 | L176: =L175-$K$2*W175 | M176: =M175-$K$2*X175 | N176: =I176+J176*C176+K176*D176+L176*E176+F176*M176 | O176: =1/(1+EXP(-N176)) | P176: =IF(O176>0.5,1,0) | Q176: =O176-G176 | R176: =Q176^2 | S176: =IF(P176=G176,1,0) | T176: =2*(O176-G176)*(1-O176)*O176 | U176: =2*(O176-G176)*(1-O176)*O176*C176 | V176: =2*(O176-G176)*(1-O176)*O176*D176 | W176: =2*(O176-G176)*(1-O176)*O176*E176 | X176: =2*(O176-G176)*(1-O176)*O176*F176
B177: 13 | C177: 4.8 | D177: 3 | E177: 1.4 | F177: 0.1 | G177: 0 | I177: =I176-$K$2*T176 | J177: =J176-$K$2*U176 | K177: =K176-$K$2*V176 | L177: =L176-$K$2*W176 | M177: =M176-$K$2*X176 | N177: =I177+J177*C177+K177*D177+L177*E177+F177*M177 | O177: =1/(1+EXP(-N177)) | P177: =IF(O177>0.5,1,0) | Q177: =O177-G177 | R177: =Q177^2 | S177: =IF(P177=G177,1,0) | T177: =2*(O177-G177)*(1-O177)*O177 | U177: =2*(O177-G177)*(1-O177)*O177*C177 | V177: =2*(O177-G177)*(1-O177)*O177*D177 | W177: =2*(O177-G177)*(1-O177)*O177*E177 | X177: =2*(O177-G177)*(1-O177)*O177*F177
... B244: 80 | C244: 5.5 | D244: 2.5 | E244: 4 | F244: 1.3 | G244: 1 | I244: =I243-$K$2*T243 | J244: =J243-$K$2*U243 | K244: =K243-$K$2*V243 | L244: =L243-$K$2*W243 | M244: =M243-$K$2*X243 | N244: =I244+J244*C244+K244*D244+L244*E244+F244*M244 | O244: =1/(1+EXP(-N244)) | P244: =IF(O244>0.5,1,0) | Q244: =O244-G244 | R244: =Q244^2 | S244: =IF(P244=G244,1,0) | T244: =2*(O244-G244)*(1-O244)*O244 | U244: =2*(O244-G244)*(1-O244)*O244*C244 | V244: =2*(O244-G244)*(1-O244)*O244*D244 | W244: =2*(O244-G244)*(1-O244)*O244*E244 | X244: =2*(O244-G244)*(1-O244)*O244*F244
A245: epoch 4 | B245: 1 | C245: 5.1 | D245: 3.5 | E245: 1.4 | F245: 0.2 | G245: 0 | I245: =I244-$K$2*T244 | J245: =J244-$K$2*U244 | K245: =K244-$K$2*V244 | L245: =L244-$K$2*W244 | M245: =M244-$K$2*X244 | N245: =I245+J245*C245+K245*D245+L245*E245+F245*M245 | O245: =1/(1+EXP(-N245)) | P245: =IF(O245>0.5,1,0) | Q245: =O245-G245 | R245: =Q245^2 | S245: =IF(P245=G245,1,0) | T245: =2*(O245-G245)*(1-O245)*O245 | U245: =2*(O245-G245)*(1-O245)*O245*C245 | V245: =2*(O245-G245)*(1-O245)*O245*D245 | W245: =2*(O245-G245)*(1-O245)*O245*E245 | X245: =2*(O245-G245)*(1-O245)*O245*F245
B246: 2 | C246: 4.9 | D246: 3 | E246: 1.4 | F246: 0.2 | G246: 0 | I246: =I245-$K$2*T245 | J246: =J245-$K$2*U245 | K246: =K245-$K$2*V245 | L246: =L245-$K$2*W245 | M246: =M245-$K$2*X245 | N246: =I246+J246*C246+K246*D246+L246*E246+F246*M246 | O246: =1/(1+EXP(-N246)) | P246: =IF(O246>0.5,1,0) | Q246: =O246-G246 | R246: =Q246^2 | S246: =IF(P246=G246,1,0) | T246: =2*(O246-G246)*(1-O246)*O246 | U246: =2*(O246-G246)*(1-O246)*O246*C246 | V246: =2*(O246-G246)*(1-O246)*O246*D246 | W246: =2*(O246-G246)*(1-O246)*O246*E246 | X246: =2*(O246-G246)*(1-O246)*O246*F246
B247: 3 | C247: 4.7 | D247: 3.2 | E247: 1.3 | F247: 0.2 | G247: 0 | I247: =I246-$K$2*T246 | J247: =J246-$K$2*U246 | K247: =K246-$K$2*V246 | L247: =L246-$K$2*W246 | M247: =M246-$K$2*X246 | N247: =I247+J247*C247+K247*D247+L247*E247+F247*M247 | O247: =1/(1+EXP(-N247)) | P247: =IF(O247>0.5,1,0) | Q247: =O247-G247 | R247: =Q247^2 | S247: =IF(P247=G247,1,0) | T247: =2*(O247-G247)*(1-O247)*O247 | U247: =2*(O247-G247)*(1-O247)*O247*C247 | V247: =2*(O247-G247)*(1-O247)*O247*D247 | W247: =2*(O247-G247)*(1-O247)*O247*E247 | X247: =2*(O247-G247)*(1-O247)*O247*F247
B248: 4 | C248: 4.6 | D248: 3.1 | E248: 1.5 | F248: 0.2 | G248: 0 | I248: =I247-$K$2*T247 | J248: =J247-$K$2*U247 | K248: =K247-$K$2*V247 | L248: =L247-$K$2*W247 | M248: =M247-$K$2*X247 | N248: =I248+J248*C248+K248*D248+L248*E248+F248*M248 | O248: =1/(1+EXP(-N248)) | P248: =IF(O248>0.5,1,0) | Q248: =O248-G248 | R248: =Q248^2 | S248: =IF(P248=G248,1,0) | T248: =2*(O248-G248)*(1-O248)*O248 | U248: =2*(O248-G248)*(1-O248)*O248*C248 | V248: =2*(O248-G248)*(1-O248)*O248*D248 | W248: =2*(O248-G248)*(1-O248)*O248*E248 | X248: =2*(O248-G248)*(1-O248)*O248*F248
B249: 5 | C249: 5 | D249: 3.6 | E249: 1.4 | F249: 0.2 | G249: 0 | I249: =I248-$K$2*T248 | J249: =J248-$K$2*U248 | K249: =K248-$K$2*V248 | L249: =L248-$K$2*W248 | M249: =M248-$K$2*X248 | N249: =I249+J249*C249+K249*D249+L249*E249+F249*M249 | O249: =1/(1+EXP(-N249)) | P249: =IF(O249>0.5,1,0) | Q249: =O249-G249 | R249: =Q249^2 | S249: =IF(P249=G249,1,0) | T249: =2*(O249-G249)*(1-O249)*O249 | U249: =2*(O249-G249)*(1-O249)*O249*C249 | V249: =2*(O249-G249)*(1-O249)*O249*D249 | W249: =2*(O249-G249)*(1-O249)*O249*E249 | X249: =2*(O249-G249)*(1-O249)*O249*F249
B250: 6 | C250: 5.4 | D250: 3.9 | E250: 1.7 | F250: 0.4 | G250: 0 | I250: =I249-$K$2*T249 | J250: =J249-$K$2*U249 | K250: =K249-$K$2*V249 | L250: =L249-$K$2*W249 | M250: =M249-$K$2*X249 | N250: =I250+J250*C250+K250*D250+L250*E250+F250*M250 | O250: =1/(1+EXP(-N250)) | P250: =IF(O250>0.5,1,0) | Q250: =O250-G250 | R250: =Q250^2 | S250: =IF(P250=G250,1,0) | T250: =2*(O250-G250)*(1-O250)*O250 | U250: =2*(O250-G250)*(1-O250)*O250*C250 | V250: =2*(O250-G250)*(1-O250)*O250*D250 | W250: =2*(O250-G250)*(1-O250)*O250*E250 | X250: =2*(O250-G250)*(1-O250)*O250*F250
B251: 7 | C251: 4.6 | D251: 3.4 | E251: 1.4 | F251: 0.3 | G251: 0 | I251: =I250-$K$2*T250 | J251: =J250-$K$2*U250 | K251: =K250-$K$2*V250 | L251: =L250-$K$2*W250 | M251: =M250-$K$2*X250 | N251: =I251+J251*C251+K251*D251+L251*E251+F251*M251 | O251: =1/(1+EXP(-N251)) | P251: =IF(O251>0.5,1,0) | Q251: =O251-G251 | R251: =Q251^2 | S251: =IF(P251=G251,1,0) | T251: =2*(O251-G251)*(1-O251)*O251 | U251: =2*(O251-G251)*(1-O251)*O251*C251 | V251: =2*(O251-G251)*(1-O251)*O251*D251 | W251: =2*(O251-G251)*(1-O251)*O251*E251 | X251: =2*(O251-G251)*(1-O251)*O251*F251
B252: 8 | C252: 5 | D252: 3.4 | E252: 1.5 | F252: 0.2 | G252: 0 | I252: =I251-$K$2*T251 | J252: =J251-$K$2*U251 | K252: =K251-$K$2*V251 | L252: =L251-$K$2*W251 | M252: =M251-$K$2*X251 | N252: =I252+J252*C252+K252*D252+L252*E252+F252*M252 | O252: =1/(1+EXP(-N252)) | P252: =IF(O252>0.5,1,0) | Q252: =O252-G252 | R252: =Q252^2 | S252: =IF(P252=G252,1,0) | T252: =2*(O252-G252)*(1-O252)*O252 | U252: =2*(O252-G252)*(1-O252)*O252*C252 | V252: =2*(O252-G252)*(1-O252)*O252*D252 | W252: =2*(O252-G252)*(1-O252)*O252*E252 | X252: =2*(O252-G252)*(1-O252)*O252*F252
B253: 9 | C253: 4.4 | D253: 2.9 | E253: 1.4 | F253: 0.2 | G253: 0 | I253: =I252-$K$2*T252 | J253: =J252-$K$2*U252 | K253: =K252-$K$2*V252 | L253: =L252-$K$2*W252 | M253: =M252-$K$2*X252 | N253: =I253+J253*C253+K253*D253+L253*E253+F253*M253 | O253: =1/(1+EXP(-N253)) | P253: =IF(O253>0.5,1,0) | Q253: =O253-G253 | R253: =Q253^2 | S253: =IF(P253=G253,1,0) | T253: =2*(O253-G253)*(1-O253)*O253 | U253: =2*(O253-G253)*(1-O253)*O253*C253 | V253: =2*(O253-G253)*(1-O253)*O253*D253 | W253: =2*(O253-G253)*(1-O253)*O253*E253 | X253: =2*(O253-G253)*(1-O253)*O253*F253
B254: 10 | C254: 4.9 | D254: 3.1 | E254: 1.5 | F254: 0.1 | G254: 0 | I254: =I253-$K$2*T253 | J254: =J253-$K$2*U253 | K254: =K253-$K$2*V253 | L254: =L253-$K$2*W253 | M254: =M253-$K$2*X253 | N254: =I254+J254*C254+K254*D254+L254*E254+F254*M254 | O254: =1/(1+EXP(-N254)) | P254: =IF(O254>0.5,1,0) | Q254: =O254-G254 | R254: =Q254^2 | S254: =IF(P254=G254,1,0) | T254: =2*(O254-G254)*(1-O254)*O254 | U254: =2*(O254-G254)*(1-O254)*O254*C254 | V254: =2*(O254-G254)*(1-O254)*O254*D254 | W254: =2*(O254-G254)*(1-O254)*O254*E254 | X254: =2*(O254-G254)*(1-O254)*O254*F254
B255: 11 | C255: 5.4 | D255: 3.7 | E255: 1.5 | F255: 0.2 | G255: 0 | I255: =I254-$K$2*T254 | J255: =J254-$K$2*U254 | K255: =K254-$K$2*V254 | L255: =L254-$K$2*W254 | M255: =M254-$K$2*X254 | N255: =I255+J255*C255+K255*D255+L255*E255+F255*M255 | O255: =1/(1+EXP(-N255)) | P255: =IF(O255>0.5,1,0) | Q255: =O255-G255 | R255: =Q255^2 | S255: =IF(P255=G255,1,0) | T255: =2*(O255-G255)*(1-O255)*O255 | U255: =2*(O255-G255)*(1-O255)*O255*C255 | V255: =2*(O255-G255)*(1-O255)*O255*D255 | W255: =2*(O255-G255)*(1-O255)*O255*E255 | X255: =2*(O255-G255)*(1-O255)*O255*F255
B256: 12 | C256: 4.8 | D256: 3.4 | E256: 1.6 | F256: 0.2 | G256: 0 | I256: =I255-$K$2*T255 | J256: =J255-$K$2*U255 | K256: =K255-$K$2*V255 | L256: =L255-$K$2*W255 | M256: =M255-$K$2*X255 | N256: =I256+J256*C256+K256*D256+L256*E256+F256*M256 | O256: =1/(1+EXP(-N256)) | P256: =IF(O256>0.5,1,0) | Q256: =O256-G256 | R256: =Q256^2 | S256: =IF(P256=G256,1,0) | T256: =2*(O256-G256)*(1-O256)*O256 | U256: =2*(O256-G256)*(1-O256)*O256*C256 | V256: =2*(O256-G256)*(1-O256)*O256*D256 | W256: =2*(O256-G256)*(1-O256)*O256*E256 | X256: =2*(O256-G256)*(1-O256)*O256*F256
B257: 13 | C257: 4.8 | D257: 3 | E257: 1.4 | F257: 0.1 | G257: 0 | I257: =I256-$K$2*T256 | J257: =J256-$K$2*U256 | K257: =K256-$K$2*V256 | L257: =L256-$K$2*W256 | M257: =M256-$K$2*X256 | N257: =I257+J257*C257+K257*D257+L257*E257+F257*M257 | O257: =1/(1+EXP(-N257)) | P257: =IF(O257>0.5,1,0) | Q257: =O257-G257 | R257: =Q257^2 | S257: =IF(P257=G257,1,0) | T257: =2*(O257-G257)*(1-O257)*O257 | U257: =2*(O257-G257)*(1-O257)*O257*C257 | V257: =2*(O257-G257)*(1-O257)*O257*D257 | W257: =2*(O257-G257)*(1-O257)*O257*E257 | X257: =2*(O257-G257)*(1-O257)*O257*F257
... B324: 80 | C324: 5.5 | D324: 2.5 | E324: 4 | F324: 1.3 | G324: 1 | I324: =I323-$K$2*T323 | J324: =J323-$K$2*U323 | K324: =K323-$K$2*V323 | L324: =L323-$K$2*W323 | M324: =M323-$K$2*X323 | N324: =I324+J324*C324+K324*D324+L324*E324+F324*M324 | O324: =1/(1+EXP(-N324)) | P324: =IF(O324>0.5,1,0) | Q324: =O324-G324 | R324: =Q324^2 | S324: =IF(P324=G324,1,0) | T324: =2*(O324-G324)*(1-O324)*O324 | U324: =2*(O324-G324)*(1-O324)*O324*C324 | V324: =2*(O324-G324)*(1-O324)*O324*D324 | W324: =2*(O324-G324)*(1-O324)*O324*E324 | X324: =2*(O324-G324)*(1-O324)*O324*F324
A325: epoch 5 | B325: 1 | C325: 5.1 | D325: 3.5 | E325: 1.4 | F325: 0.2 | G325: 0 | I325: =I324-$K$2*T324 | J325: =J324-$K$2*U324 | K325: =K324-$K$2*V324 | L325: =L324-$K$2*W324 | M325: =M324-$K$2*X324 | N325: =I325+J325*C325+K325*D325+L325*E325+F325*M325 | O325: =1/(1+EXP(-N325)) | P325: =IF(O325>0.5,1,0) | Q325: =O325-G325 | R325: =Q325^2 | S325: =IF(P325=G325,1,0) | T325: =2*(O325-G325)*(1-O325)*O325 | U325: =2*(O325-G325)*(1-O325)*O325*C325 | V325: =2*(O325-G325)*(1-O325)*O325*D325 | W325: =2*(O325-G325)*(1-O325)*O325*E325 | X325: =2*(O325-G325)*(1-O325)*O325*F325
B326: 2 | C326: 4.9 | D326: 3 | E326: 1.4 | F326: 0.2 | G326: 0 | I326: =I325-$K$2*T325 | J326: =J325-$K$2*U325 | K326: =K325-$K$2*V325 | L326: =L325-$K$2*W325 | M326: =M325-$K$2*X325 | N326: =I326+J326*C326+K326*D326+L326*E326+F326*M326 | O326: =1/(1+EXP(-N326)) | P326: =IF(O326>0.5,1,0) | Q326: =O326-G326 | R326: =Q326^2 | S326: =IF(P326=G326,1,0) | T326: =2*(O326-G326)*(1-O326)*O326 | U326: =2*(O326-G326)*(1-O326)*O326*C326 | V326: =2*(O326-G326)*(1-O326)*O326*D326 | W326: =2*(O326-G326)*(1-O326)*O326*E326 | X326: =2*(O326-G326)*(1-O326)*O326*F326
B327: 3 | C327: 4.7 | D327: 3.2 | E327: 1.3 | F327: 0.2 | G327: 0 | I327: =I326-$K$2*T326 | J327: =J326-$K$2*U326 | K327: =K326-$K$2*V326 | L327: =L326-$K$2*W326 | M327: =M326-$K$2*X326 | N327: =I327+J327*C327+K327*D327+L327*E327+F327*M327 | O327: =1/(1+EXP(-N327)) | P327: =IF(O327>0.5,1,0) | Q327: =O327-G327 | R327: =Q327^2 | S327: =IF(P327=G327,1,0) | T327: =2*(O327-G327)*(1-O327)*O327 | U327: =2*(O327-G327)*(1-O327)*O327*C327 | V327: =2*(O327-G327)*(1-O327)*O327*D327 | W327: =2*(O327-G327)*(1-O327)*O327*E327 | X327: =2*(O327-G327)*(1-O327)*O327*F327
B328: 4 | C328: 4.6 | D328: 3.1 | E328: 1.5 | F328: 0.2 | G328: 0 | I328: =I327-$K$2*T327 | J328: =J327-$K$2*U327 | K328: =K327-$K$2*V327 | L328: =L327-$K$2*W327 | M328: =M327-$K$2*X327 | N328: =I328+J328*C328+K328*D328+L328*E328+F328*M328 | O328: =1/(1+EXP(-N328)) | P328: =IF(O328>0.5,1,0) | Q328: =O328-G328 | R328: =Q328^2 | S328: =IF(P328=G328,1,0) | T328: =2*(O328-G328)*(1-O328)*O328 | U328: =2*(O328-G328)*(1-O328)*O328*C328 | V328: =2*(O328-G328)*(1-O328)*O328*D328 | W328: =2*(O328-G328)*(1-O328)*O328*E328 | X328: =2*(O328-G328)*(1-O328)*O328*F328
B329: 5 | C329: 5 | D329: 3.6 | E329: 1.4 | F329: 0.2 | G329: 0 | I329: =I328-$K$2*T328 | J329: =J328-$K$2*U328 | K329: =K328-$K$2*V328 | L329: =L328-$K$2*W328 | M329: =M328-$K$2*X328 | N329: =I329+J329*C329+K329*D329+L329*E329+F329*M329 | O329: =1/(1+EXP(-N329)) | P329: =IF(O329>0.5,1,0) | Q329: =O329-G329 | R329: =Q329^2 | S329: =IF(P329=G329,1,0) | T329: =2*(O329-G329)*(1-O329)*O329 | U329: =2*(O329-G329)*(1-O329)*O329*C329 | V329: =2*(O329-G329)*(1-O329)*O329*D329 | W329: =2*(O329-G329)*(1-O329)*O329*E329 | X329: =2*(O329-G329)*(1-O329)*O329*F329
B330: 6 | C330: 5.4 | D330: 3.9 | E330: 1.7 | F330: 0.4 | G330: 0 | I330: =I329-$K$2*T329 | J330: =J329-$K$2*U329 | K330: =K329-$K$2*V329 | L330: =L329-$K$2*W329 | M330: =M329-$K$2*X329 | N330: =I330+J330*C330+K330*D330+L330*E330+F330*M330 | O330: =1/(1+EXP(-N330)) | P330: =IF(O330>0.5,1,0) | Q330: =O330-G330 | R330: =Q330^2 | S330: =IF(P330=G330,1,0) | T330: =2*(O330-G330)*(1-O330)*O330 | U330: =2*(O330-G330)*(1-O330)*O330*C330 | V330: =2*(O330-G330)*(1-O330)*O330*D330 | W330: =2*(O330-G330)*(1-O330)*O330*E330 | X330: =2*(O330-G330)*(1-O330)*O330*F330
B331: 7 | C331: 4.6 | D331: 3.4 | E331: 1.4 | F331: 0.3 | G331: 0 | I331: =I330-$K$2*T330 | J331: =J330-$K$2*U330 | K331: =K330-$K$2*V330 | L331: =L330-$K$2*W330 | M331: =M330-$K$2*X330 | N331: =I331+J331*C331+K331*D331+L331*E331+F331*M331 | O331: =1/(1+EXP(-N331)) | P331: =IF(O331>0.5,1,0) | Q331: =O331-G331 | R331: =Q331^2 | S331: =IF(P331=G331,1,0) | T331: =2*(O331-G331)*(1-O331)*O331 | U331: =2*(O331-G331)*(1-O331)*O331*C331 | V331: =2*(O331-G331)*(1-O331)*O331*D331 | W331: =2*(O331-G331)*(1-O331)*O331*E331 | X331: =2*(O331-G331)*(1-O331)*O331*F331
B332: 8 | C332: 5 | D332: 3.4 | E332: 1.5 | F332: 0.2 | G332: 0 | I332: =I331-$K$2*T331 | J332: =J331-$K$2*U331 | K332: =K331-$K$2*V331 | L332: =L331-$K$2*W331 | M332: =M331-$K$2*X331 | N332: =I332+J332*C332+K332*D332+L332*E332+F332*M332 | O332: =1/(1+EXP(-N332)) | P332: =IF(O332>0.5,1,0) | Q332: =O332-G332 | R332: =Q332^2 | S332: =IF(P332=G332,1,0) | T332: =2*(O332-G332)*(1-O332)*O332 | U332: =2*(O332-G332)*(1-O332)*O332*C332 | V332: =2*(O332-G332)*(1-O332)*O332*D332 | W332: =2*(O332-G332)*(1-O332)*O332*E332 | X332: =2*(O332-G332)*(1-O332)*O332*F332
B333: 9 | C333: 4.4 | D333: 2.9 | E333: 1.4 | F333: 0.2 | G333: 0 | I333: =I332-$K$2*T332 | J333: =J332-$K$2*U332 | K333: =K332-$K$2*V332 | L333: =L332-$K$2*W332 | M333: =M332-$K$2*X332 | N333: =I333+J333*C333+K333*D333+L333*E333+F333*M333 | O333: =1/(1+EXP(-N333)) | P333: =IF(O333>0.5,1,0) | Q333: =O333-G333 | R333: =Q333^2 | S333: =IF(P333=G333,1,0) | T333: =2*(O333-G333)*(1-O333)*O333 | U333: =2*(O333-G333)*(1-O333)*O333*C333 | V333: =2*(O333-G333)*(1-O333)*O333*D333 | W333: =2*(O333-G333)*(1-O333)*O333*E333 | X333: =2*(O333-G333)*(1-O333)*O333*F333
B334: 10 | C334: 4.9 | D334: 3.1 | E334: 1.5 | F334: 0.1 | G334: 0 | I334: =I333-$K$2*T333 | J334: =J333-$K$2*U333 | K334: =K333-$K$2*V333 | L334: =L333-$K$2*W333 | M334: =M333-$K$2*X333 | N334: =I334+J334*C334+K334*D334+L334*E334+F334*M334 | O334: =1/(1+EXP(-N334)) | P334: =IF(O334>0.5,1,0) | Q334: =O334-G334 | R334: =Q334^2 | S334: =IF(P334=G334,1,0) | T334: =2*(O334-G334)*(1-O334)*O334 | U334: =2*(O334-G334)*(1-O334)*O334*C334 | V334: =2*(O334-G334)*(1-O334)*O334*D334 | W334: =2*(O334-G334)*(1-O334)*O334*E334 | X334: =2*(O334-G334)*(1-O334)*O334*F334
B335: 11 | C335: 5.4 | D335: 3.7 | E335: 1.5 | F335: 0.2 | G335: 0 | I335: =I334-$K$2*T334 | J335: =J334-$K$2*U334 | K335: =K334-$K$2*V334 | L335: =L334-$K$2*W334 | M335: =M334-$K$2*X334 | N335: =I335+J335*C335+K335*D335+L335*E335+F335*M335 | O335: =1/(1+EXP(-N335)) | P335: =IF(O335>0.5,1,0) | Q335: =O335-G335 | R335: =Q335^2 | S335: =IF(P335=G335,1,0) | T335: =2*(O335-G335)*(1-O335)*O335 | U335: =2*(O335-G335)*(1-O335)*O335*C335 | V335: =2*(O335-G335)*(1-O335)*O335*D335 | W335: =2*(O335-G335)*(1-O335)*O335*E335 | X335: =2*(O335-G335)*(1-O335)*O335*F335
B336: 12 | C336: 4.8 | D336: 3.4 | E336: 1.6 | F336: 0.2 | G336: 0 | I336: =I335-$K$2*T335 | J336: =J335-$K$2*U335 | K336: =K335-$K$2*V335 | L336: =L335-$K$2*W335 | M336: =M335-$K$2*X335 | N336: =I336+J336*C336+K336*D336+L336*E336+F336*M336 | O336: =1/(1+EXP(-N336)) | P336: =IF(O336>0.5,1,0) | Q336: =O336-G336 | R336: =Q336^2 | S336: =IF(P336=G336,1,0) | T336: =2*(O336-G336)*(1-O336)*O336 | U336: =2*(O336-G336)*(1-O336)*O336*C336 | V336: =2*(O336-G336)*(1-O336)*O336*D336 | W336: =2*(O336-G336)*(1-O336)*O336*E336 | X336: =2*(O336-G336)*(1-O336)*O336*F336
B337: 13 | C337: 4.8 | D337: 3 | E337: 1.4 | F337: 0.1 | G337: 0 | I337: =I336-$K$2*T336 | J337: =J336-$K$2*U336 | K337: =K336-$K$2*V336 | L337: =L336-$K$2*W336 | M337: =M336-$K$2*X336 | N337: =I337+J337*C337+K337*D337+L337*E337+F337*M337 | O337: =1/(1+EXP(-N337)) | P337: =IF(O337>0.5,1,0) | Q337: =O337-G337 | R337: =Q337^2 | S337: =IF(P337=G337,1,0) | T337: =2*(O337-G337)*(1-O337)*O337 | U337: =2*(O337-G337)*(1-O337)*O337*C337 | V337: =2*(O337-G337)*(1-O337)*O337*D337 | W337: =2*(O337-G337)*(1-O337)*O337*E337 | X337: =2*(O337-G337)*(1-O337)*O337*F337
... B404: 80 | C404: 5.5 | D404: 2.5 | E404: 4 | F404: 1.3 | G404: 1 | I404: =I403-$K$2*T403 | J404: =J403-$K$2*U403 | K404: =K403-$K$2*V403 | L404: =L403-$K$2*W403 | M404: =M403-$K$2*X403 | N404: =I404+J404*C404+K404*D404+L404*E404+F404*M404 | O404: =1/(1+EXP(-N404)) | P404: =IF(O404>0.5,1,0) | Q404: =O404-G404 | R404: =Q404^2 | S404: =IF(P404=G404,1,0) | T404: =2*(O404-G404)*(1-O404)*O404 | U404: =2*(O404-G404)*(1-O404)*O404*C404 | V404: =2*(O404-G404)*(1-O404)*O404*D404 | W404: =2*(O404-G404)*(1-O404)*O404*E404 | X404: =2*(O404-G404)*(1-O404)*O404*F404

Sheet SLP-Validation
I2: in validation, bias and teta are obtained from training for each epoch
Z3: REKAP VALIDASI PER EPOCH
G4: Setosa = 0 | I4: Learning Rate | K4: 0.1 | Z4: Epoch | AA4: Loss (MSE) | AB4: Accuracy
G5: Versicolor = 1 | I5: Bobot bias | N5: dot product | O5: Sigmoid | P5: Prediksi | Q5: error | R5: Sum Square Error | S5: Benar? | Z5: 1 | AA5: =AVERAGE(R7:R26) | AB5: =AVERAGE(S7:S26)
A6: EPOCH | B6: No | C6: X1 | D6: X2 | E6: X3 | F6: X4 | G6: TARGET | I6: bias | J6: teta1 | K6: teta2 | L6: teta 3 | M6: teta4 | N6: z | O6: g(z) | S6: benar | Z6: 2 | AA6: =AVERAGE(R27:R46) | AB6: =AVERAGE(S27:S46)
A7: epoch 1 | B7: 1 | C7: 5 | D7: 3.5 | E7: 1.3 | F7: 0.3 | G7: 0 | I7: ='SLP-Training'!$AC$5 | J7: ='SLP-Training'!$AD$5 | K7: ='SLP-Training'!$AE$5 | L7: ='SLP-Training'!$AF$5 | M7: ='SLP-Training'!$AG$5 | N7: =I7+J7*C7+K7*D7+L7*E7+F7*M7 | O7: =1/(1+EXP(-N7)) | P7: =IF(O7>0.5,1,0) | Q7: =O7-G7 | R7: =Q7^2 | S7: =IF(P7=G7,1,0) | Z7: 3 | AA7: =AVERAGE(R47:R66) | AB7: =AVERAGE(S47:S66)
B8: 2 | C8: 4.5 | D8: 2.3 | E8: 1.3 | F8: 0.3 | G8: 0 | I8: =I7 | J8: =J7 | K8: =K7 | L8: =L7 | M8: =M7 | N8: =I8+J8*C8+K8*D8+L8*E8+F8*M8 | O8: =1/(1+EXP(-N8)) | P8: =IF(O8>0.5,1,0) | Q8: =O8-G8 | R8: =Q8^2 | S8: =IF(P8=G8,1,0) | Z8: 4 | AA8: =AVERAGE(R67:R86) | AB8: =AVERAGE(S67:S86)
B9: 3 | C9: 4.4 | D9: 3.2 | E9: 1.3 | F9: 0.2 | G9: 0 | I9: =I8 | J9: =J8 | K9: =K8 | L9: =L8 | M9: =M8 | N9: =I9+J9*C9+K9*D9+L9*E9+F9*M9 | O9: =1/(1+EXP(-N9)) | P9: =IF(O9>0.5,1,0) | Q9: =O9-G9 | R9: =Q9^2 | S9: =IF(P9=G9,1,0) | Z9: 5 | AA9: =AVERAGE(R87:R106) | AB9: =AVERAGE(S87:S106)
B10: 4 | C10: 5 | D10: 3.5 | E10: 1.6 | F10: 0.6 | G10: 0 | I10: =I9 | J10: =J9 | K10: =K9 | L10: =L9 | M10: =M9 | N10: =I10+J10*C10+K10*D10+L10*E10+F10*M10 | O10: =1/(1+EXP(-N10)) | P10: =IF(O10>0.5,1,0) | Q10: =O10-G10 | R10: =Q10^2 | S10: =IF(P10=G10,1,0)
B11: 5 | C11: 5.1 | D11: 3.8 | E11: 1.9 | F11: 0.4 | G11: 0 | I11: =I10 | J11: =J10 | K11: =K10 | L11: =L10 | M11: =M10 | N11: =I11+J11*C11+K11*D11+L11*E11+F11*M11 | O11: =1/(1+EXP(-N11)) | P11: =IF(O11>0.5,1,0) | Q11: =O11-G11 | R11: =Q11^2 | S11: =IF(P11=G11,1,0)
B12: 6 | C12: 4.8 | D12: 3 | E12: 1.4 | F12: 0.3 | G12: 0 | I12: =I11 | J12: =J11 | K12: =K11 | L12: =L11 | M12: =M11 | N12: =I12+J12*C12+K12*D12+L12*E12+F12*M12 | O12: =1/(1+EXP(-N12)) | P12: =IF(O12>0.5,1,0) | Q12: =O12-G12 | R12: =Q12^2 | S12: =IF(P12=G12,1,0)
B13: 7 | C13: 5.1 | D13: 3.8 | E13: 1.6 | F13: 0.2 | G13: 0 | I13: =I12 | J13: =J12 | K13: =K12 | L13: =L12 | M13: =M12 | N13: =I13+J13*C13+K13*D13+L13*E13+F13*M13 | O13: =1/(1+EXP(-N13)) | P13: =IF(O13>0.5,1,0) | Q13: =O13-G13 | R13: =Q13^2 | S13: =IF(P13=G13,1,0)
B14: 8 | C14: 4.6 | D14: 3.2 | E14: 1.4 | F14: 0.2 | G14: 0 | I14: =I13 | J14: =J13 | K14: =K13 | L14: =L13 | M14: =M13 | N14: =I14+J14*C14+K14*D14+L14*E14+F14*M14 | O14: =1/(1+EXP(-N14)) | P14: =IF(O14>0.5,1,0) | Q14: =O14-G14 | R14: =Q14^2 | S14: =IF(P14=G14,1,0)
B15: 9 | C15: 5.3 | D15: 3.7 | E15: 1.5 | F15: 0.2 | G15: 0 | I15: =I14 | J15: =J14 | K15: =K14 | L15: =L14 | M15: =M14 | N15: =I15+J15*C15+K15*D15+L15*E15+F15*M15 | O15: =1/(1+EXP(-N15)) | P15: =IF(O15>0.5,1,0) | Q15: =O15-G15 | R15: =Q15^2 | S15: =IF(P15=G15,1,0)
B16: 10 | C16: 5 | D16: 3.3 | E16: 1.4 | F16: 0.2 | G16: 0 | I16: =I15 | J16: =J15 | K16: =K15 | L16: =L15 | M16: =M15 | N16: =I16+J16*C16+K16*D16+L16*E16+F16*M16 | O16: =1/(1+EXP(-N16)) | P16: =IF(O16>0.5,1,0) | Q16: =O16-G16 | R16: =Q16^2 | S16: =IF(P16=G16,1,0)
B17: 11 | C17: 5.5 | D17: 2.6 | E17: 4.4 | F17: 1.2 | G17: 1 | I17: =I16 | J17: =J16 | K17: =K16 | L17: =L16 | M17: =M16 | N17: =I17+J17*C17+K17*D17+L17*E17+F17*M17 | O17: =1/(1+EXP(-N17)) | P17: =IF(O17>0.5,1,0) | Q17: =O17-G17 | R17: =Q17^2 | S17: =IF(P17=G17,1,0)
B18: 12 | C18: 6.1 | D18: 3 | E18: 4.6 | F18: 1.4 | G18: 1 | I18: =I17 | J18: =J17 | K18: =K17 | L18: =L17 | M18: =M17 | N18: =I18+J18*C18+K18*D18+L18*E18+F18*M18 | O18: =1/(1+EXP(-N18)) | P18: =IF(O18>0.5,1,0) | Q18: =O18-G18 | R18: =Q18^2 | S18: =IF(P18=G18,1,0)
B19: 13 | C19: 5.8 | D19: 2.6 | E19: 4 | F19: 1.2 | G19: 1 | I19: =I18 | J19: =J18 | K19: =K18 | L19: =L18 | M19: =M18 | N19: =I19+J19*C19+K19*D19+L19*E19+F19*M19 | O19: =1/(1+EXP(-N19)) | P19: =IF(O19>0.5,1,0) | Q19: =O19-G19 | R19: =Q19^2 | S19: =IF(P19=G19,1,0)
B20: 14 | C20: 5 | D20: 2.3 | E20: 3.3 | F20: 1 | G20: 1 | I20: =I19 | J20: =J19 | K20: =K19 | L20: =L19 | M20: =M19 | N20: =I20+J20*C20+K20*D20+L20*E20+F20*M20 | O20: =1/(1+EXP(-N20)) | P20: =IF(O20>0.5,1,0) | Q20: =O20-G20 | R20: =Q20^2 | S20: =IF(P20=G20,1,0)
B21: 15 | C21: 5.6 | D21: 2.7 | E21: 4.2 | F21: 1.3 | G21: 1 | I21: =I20 | J21: =J20 | K21: =K20 | L21: =L20 | M21: =M20 | N21: =I21+J21*C21+K21*D21+L21*E21+F21*M21 | O21: =1/(1+EXP(-N21)) | P21: =IF(O21>0.5,1,0) | Q21: =O21-G21 | R21: =Q21^2 | S21: =IF(P21=G21,1,0)
... B26: 20 | C26: 5.7 | D26: 2.8 | E26: 4.1 | F26: 1.3 | G26: 1 | I26: =I25 | J26: =J25 | K26: =K25 | L26: =L25 | M26: =M25 | N26: =I26+J26*C26+K26*D26+L26*E26+F26*M26 | O26: =1/(1+EXP(-N26)) | P26: =IF(O26>0.5,1,0) | Q26: =O26-G26 | R26: =Q26^2 | S26: =IF(P26=G26,1,0)
A27: epoch 2 | B27: 1 | C27: 5 | D27: 3.5 | E27: 1.3 | F27: 0.3 | G27: 0 | I27: ='SLP-Training'!$AC$6 | J27: ='SLP-Training'!$AD$6 | K27: ='SLP-Training'!$AE$6 | L27: ='SLP-Training'!$AF$6 | M27: ='SLP-Training'!$AG$6 | N27: =I27+J27*C27+K27*D27+L27*E27+F27*M27 | O27: =1/(1+EXP(-N27)) | P27: =IF(O27>0.5,1,0) | Q27: =O27-G27 | R27: =Q27^2 | S27: =IF(P27=G27,1,0)
B28: 2 | C28: 4.5 | D28: 2.3 | E28: 1.3 | F28: 0.3 | G28: 0 | I28: =I27 | J28: =J27 | K28: =K27 | L28: =L27 | M28: =M27 | N28: =I28+J28*C28+K28*D28+L28*E28+F28*M28 | O28: =1/(1+EXP(-N28)) | P28: =IF(O28>0.5,1,0) | Q28: =O28-G28 | R28: =Q28^2 | S28: =IF(P28=G28,1,0)
B29: 3 | C29: 4.4 | D29: 3.2 | E29: 1.3 | F29: 0.2 | G29: 0 | I29: =I28 | J29: =J28 | K29: =K28 | L29: =L28 | M29: =M28 | N29: =I29+J29*C29+K29*D29+L29*E29+F29*M29 | O29: =1/(1+EXP(-N29)) | P29: =IF(O29>0.5,1,0) | Q29: =O29-G29 | R29: =Q29^2 | S29: =IF(P29=G29,1,0)
B30: 4 | C30: 5 | D30: 3.5 | E30: 1.6 | F30: 0.6 | G30: 0 | I30: =I29 | J30: =J29 | K30: =K29 | L30: =L29 | M30: =M29 | N30: =I30+J30*C30+K30*D30+L30*E30+F30*M30 | O30: =1/(1+EXP(-N30)) | P30: =IF(O30>0.5,1,0) | Q30: =O30-G30 | R30: =Q30^2 | S30: =IF(P30=G30,1,0)
B31: 5 | C31: 5.1 | D31: 3.8 | E31: 1.9 | F31: 0.4 | G31: 0 | I31: =I30 | J31: =J30 | K31: =K30 | L31: =L30 | M31: =M30 | N31: =I31+J31*C31+K31*D31+L31*E31+F31*M31 | O31: =1/(1+EXP(-N31)) | P31: =IF(O31>0.5,1,0) | Q31: =O31-G31 | R31: =Q31^2 | S31: =IF(P31=G31,1,0)
B32: 6 | C32: 4.8 | D32: 3 | E32: 1.4 | F32: 0.3 | G32: 0 | I32: =I31 | J32: =J31 | K32: =K31 | L32: =L31 | M32: =M31 | N32: =I32+J32*C32+K32*D32+L32*E32+F32*M32 | O32: =1/(1+EXP(-N32)) | P32: =IF(O32>0.5,1,0) | Q32: =O32-G32 | R32: =Q32^2 | S32: =IF(P32=G32,1,0)
B33: 7 | C33: 5.1 | D33: 3.8 | E33: 1.6 | F33: 0.2 | G33: 0 | I33: =I32 | J33: =J32 | K33: =K32 | L33: =L32 | M33: =M32 | N33: =I33+J33*C33+K33*D33+L33*E33+F33*M33 | O33: =1/(1+EXP(-N33)) | P33: =IF(O33>0.5,1,0) | Q33: =O33-G33 | R33: =Q33^2 | S33: =IF(P33=G33,1,0)
B34: 8 | C34: 4.6 | D34: 3.2 | E34: 1.4 | F34: 0.2 | G34: 0 | I34: =I33 | J34: =J33 | K34: =K33 | L34: =L33 | M34: =M33 | N34: =I34+J34*C34+K34*D34+L34*E34+F34*M34 | O34: =1/(1+EXP(-N34)) | P34: =IF(O34>0.5,1,0) | Q34: =O34-G34 | R34: =Q34^2 | S34: =IF(P34=G34,1,0)
B35: 9 | C35: 5.3 | D35: 3.7 | E35: 1.5 | F35: 0.2 | G35: 0 | I35: =I34 | J35: =J34 | K35: =K34 | L35: =L34 | M35: =M34 | N35: =I35+J35*C35+K35*D35+L35*E35+F35*M35 | O35: =1/(1+EXP(-N35)) | P35: =IF(O35>0.5,1,0) | Q35: =O35-G35 | R35: =Q35^2 | S35: =IF(P35=G35,1,0)
B36: 10 | C36: 5 | D36: 3.3 | E36: 1.4 | F36: 0.2 | G36: 0 | I36: =I35 | J36: =J35 | K36: =K35 | L36: =L35 | M36: =M35 | N36: =I36+J36*C36+K36*D36+L36*E36+F36*M36 | O36: =1/(1+EXP(-N36)) | P36: =IF(O36>0.5,1,0) | Q36: =O36-G36 | R36: =Q36^2 | S36: =IF(P36=G36,1,0)
B37: 11 | C37: 5.5 | D37: 2.6 | E37: 4.4 | F37: 1.2 | G37: 1 | I37: =I36 | J37: =J36 | K37: =K36 | L37: =L36 | M37: =M36 | N37: =I37+J37*C37+K37*D37+L37*E37+F37*M37 | O37: =1/(1+EXP(-N37)) | P37: =IF(O37>0.5,1,0) | Q37: =O37-G37 | R37: =Q37^2 | S37: =IF(P37=G37,1,0)
B38: 12 | C38: 6.1 | D38: 3 | E38: 4.6 | F38: 1.4 | G38: 1 | I38: =I37 | J38: =J37 | K38: =K37 | L38: =L37 | M38: =M37 | N38: =I38+J38*C38+K38*D38+L38*E38+F38*M38 | O38: =1/(1+EXP(-N38)) | P38: =IF(O38>0.5,1,0) | Q38: =O38-G38 | R38: =Q38^2 | S38: =IF(P38=G38,1,0)
B39: 13 | C39: 5.8 | D39: 2.6 | E39: 4 | F39: 1.2 | G39: 1 | I39: =I38 | J39: =J38 | K39: =K38 | L39: =L38 | M39: =M38 | N39: =I39+J39*C39+K39*D39+L39*E39+F39*M39 | O39: =1/(1+EXP(-N39)) | P39: =IF(O39>0.5,1,0) | Q39: =O39-G39 | R39: =Q39^2 | S39: =IF(P39=G39,1,0)
... B46: 20 | C46: 5.7 | D46: 2.8 | E46: 4.1 | F46: 1.3 | G46: 1 | I46: =I45 | J46: =J45 | K46: =K45 | L46: =L45 | M46: =M45 | N46: =I46+J46*C46+K46*D46+L46*E46+F46*M46 | O46: =1/(1+EXP(-N46)) | P46: =IF(O46>0.5,1,0) | Q46: =O46-G46 | R46: =Q46^2 | S46: =IF(P46=G46,1,0)
A47: epoch 3 | B47: 1 | C47: 5 | D47: 3.5 | E47: 1.3 | F47: 0.3 | G47: 0 | I47: ='SLP-Training'!$AC$7 | J47: ='SLP-Training'!$AD$7 | K47: ='SLP-Training'!$AE$7 | L47: ='SLP-Training'!$AF$7 | M47: ='SLP-Training'!$AG$7 | N47: =I47+J47*C47+K47*D47+L47*E47+F47*M47 | O47: =1/(1+EXP(-N47)) | P47: =IF(O47>0.5,1,0) | Q47: =O47-G47 | R47: =Q47^2 | S47: =IF(P47=G47,1,0)
B48: 2 | C48: 4.5 | D48: 2.3 | E48: 1.3 | F48: 0.3 | G48: 0 | I48: =I47 | J48: =J47 | K48: =K47 | L48: =L47 | M48: =M47 | N48: =I48+J48*C48+K48*D48+L48*E48+F48*M48 | O48: =1/(1+EXP(-N48)) | P48: =IF(O48>0.5,1,0) | Q48: =O48-G48 | R48: =Q48^2 | S48: =IF(P48=G48,1,0)
B49: 3 | C49: 4.4 | D49: 3.2 | E49: 1.3 | F49: 0.2 | G49: 0 | I49: =I48 | J49: =J48 | K49: =K48 | L49: =L48 | M49: =M48 | N49: =I49+J49*C49+K49*D49+L49*E49+F49*M49 | O49: =1/(1+EXP(-N49)) | P49: =IF(O49>0.5,1,0) | Q49: =O49-G49 | R49: =Q49^2 | S49: =IF(P49=G49,1,0)
B50: 4 | C50: 5 | D50: 3.5 | E50: 1.6 | F50: 0.6 | G50: 0 | I50: =I49 | J50: =J49 | K50: =K49 | L50: =L49 | M50: =M49 | N50: =I50+J50*C50+K50*D50+L50*E50+F50*M50 | O50: =1/(1+EXP(-N50)) | P50: =IF(O50>0.5,1,0) | Q50: =O50-G50 | R50: =Q50^2 | S50: =IF(P50=G50,1,0)
B51: 5 | C51: 5.1 | D51: 3.8 | E51: 1.9 | F51: 0.4 | G51: 0 | I51: =I50 | J51: =J50 | K51: =K50 | L51: =L50 | M51: =M50 | N51: =I51+J51*C51+K51*D51+L51*E51+F51*M51 | O51: =1/(1+EXP(-N51)) | P51: =IF(O51>0.5,1,0) | Q51: =O51-G51 | R51: =Q51^2 | S51: =IF(P51=G51,1,0)
B52: 6 | C52: 4.8 | D52: 3 | E52: 1.4 | F52: 0.3 | G52: 0 | I52: =I51 | J52: =J51 | K52: =K51 | L52: =L51 | M52: =M51 | N52: =I52+J52*C52+K52*D52+L52*E52+F52*M52 | O52: =1/(1+EXP(-N52)) | P52: =IF(O52>0.5,1,0) | Q52: =O52-G52 | R52: =Q52^2 | S52: =IF(P52=G52,1,0)
B53: 7 | C53: 5.1 | D53: 3.8 | E53: 1.6 | F53: 0.2 | G53: 0 | I53: =I52 | J53: =J52 | K53: =K52 | L53: =L52 | M53: =M52 | N53: =I53+J53*C53+K53*D53+L53*E53+F53*M53 | O53: =1/(1+EXP(-N53)) | P53: =IF(O53>0.5,1,0) | Q53: =O53-G53 | R53: =Q53^2 | S53: =IF(P53=G53,1,0)
B54: 8 | C54: 4.6 | D54: 3.2 | E54: 1.4 | F54: 0.2 | G54: 0 | I54: =I53 | J54: =J53 | K54: =K53 | L54: =L53 | M54: =M53 | N54: =I54+J54*C54+K54*D54+L54*E54+F54*M54 | O54: =1/(1+EXP(-N54)) | P54: =IF(O54>0.5,1,0) | Q54: =O54-G54 | R54: =Q54^2 | S54: =IF(P54=G54,1,0)
B55: 9 | C55: 5.3 | D55: 3.7 | E55: 1.5 | F55: 0.2 | G55: 0 | I55: =I54 | J55: =J54 | K55: =K54 | L55: =L54 | M55: =M54 | N55: =I55+J55*C55+K55*D55+L55*E55+F55*M55 | O55: =1/(1+EXP(-N55)) | P55: =IF(O55>0.5,1,0) | Q55: =O55-G55 | R55: =Q55^2 | S55: =IF(P55=G55,1,0)
B56: 10 | C56: 5 | D56: 3.3 | E56: 1.4 | F56: 0.2 | G56: 0 | I56: =I55 | J56: =J55 | K56: =K55 | L56: =L55 | M56: =M55 | N56: =I56+J56*C56+K56*D56+L56*E56+F56*M56 | O56: =1/(1+EXP(-N56)) | P56: =IF(O56>0.5,1,0) | Q56: =O56-G56 | R56: =Q56^2 | S56: =IF(P56=G56,1,0)
B57: 11 | C57: 5.5 | D57: 2.6 | E57: 4.4 | F57: 1.2 | G57: 1 | I57: =I56 | J57: =J56 | K57: =K56 | L57: =L56 | M57: =M56 | N57: =I57+J57*C57+K57*D57+L57*E57+F57*M57 | O57: =1/(1+EXP(-N57)) | P57: =IF(O57>0.5,1,0) | Q57: =O57-G57 | R57: =Q57^2 | S57: =IF(P57=G57,1,0)
B58: 12 | C58: 6.1 | D58: 3 | E58: 4.6 | F58: 1.4 | G58: 1 | I58: =I57 | J58: =J57 | K58: =K57 | L58: =L57 | M58: =M57 | N58: =I58+J58*C58+K58*D58+L58*E58+F58*M58 | O58: =1/(1+EXP(-N58)) | P58: =IF(O58>0.5,1,0) | Q58: =O58-G58 | R58: =Q58^2 | S58: =IF(P58=G58,1,0)
B59: 13 | C59: 5.8 | D59: 2.6 | E59: 4 | F59: 1.2 | G59: 1 | I59: =I58 | J59: =J58 | K59: =K58 | L59: =L58 | M59: =M58 | N59: =I59+J59*C59+K59*D59+L59*E59+F59*M59 | O59: =1/(1+EXP(-N59)) | P59: =IF(O59>0.5,1,0) | Q59: =O59-G59 | R59: =Q59^2 | S59: =IF(P59=G59,1,0)
... B66: 20 | C66: 5.7 | D66: 2.8 | E66: 4.1 | F66: 1.3 | G66: 1 | I66: =I65 | J66: =J65 | K66: =K65 | L66: =L65 | M66: =M65 | N66: =I66+J66*C66+K66*D66+L66*E66+F66*M66 | O66: =1/(1+EXP(-N66)) | P66: =IF(O66>0.5,1,0) | Q66: =O66-G66 | R66: =Q66^2 | S66: =IF(P66=G66,1,0)
A67: epoch 4 | B67: 1 | C67: 5 | D67: 3.5 | E67: 1.3 | F67: 0.3 | G67: 0 | I67: ='SLP-Training'!$AC$8 | J67: ='SLP-Training'!$AD$8 | K67: ='SLP-Training'!$AE$8 | L67: ='SLP-Training'!$AF$8 | M67: ='SLP-Training'!$AG$8 | N67: =I67+J67*C67+K67*D67+L67*E67+F67*M67 | O67: =1/(1+EXP(-N67)) | P67: =IF(O67>0.5,1,0) | Q67: =O67-G67 | R67: =Q67^2 | S67: =IF(P67=G67,1,0)
B68: 2 | C68: 4.5 | D68: 2.3 | E68: 1.3 | F68: 0.3 | G68: 0 | I68: =I67 | J68: =J67 | K68: =K67 | L68: =L67 | M68: =M67 | N68: =I68+J68*C68+K68*D68+L68*E68+F68*M68 | O68: =1/(1+EXP(-N68)) | P68: =IF(O68>0.5,1,0) | Q68: =O68-G68 | R68: =Q68^2 | S68: =IF(P68=G68,1,0)
B69: 3 | C69: 4.4 | D69: 3.2 | E69: 1.3 | F69: 0.2 | G69: 0 | I69: =I68 | J69: =J68 | K69: =K68 | L69: =L68 | M69: =M68 | N69: =I69+J69*C69+K69*D69+L69*E69+F69*M69 | O69: =1/(1+EXP(-N69)) | P69: =IF(O69>0.5,1,0) | Q69: =O69-G69 | R69: =Q69^2 | S69: =IF(P69=G69,1,0)
B70: 4 | C70: 5 | D70: 3.5 | E70: 1.6 | F70: 0.6 | G70: 0 | I70: =I69 | J70: =J69 | K70: =K69 | L70: =L69 | M70: =M69 | N70: =I70+J70*C70+K70*D70+L70*E70+F70*M70 | O70: =1/(1+EXP(-N70)) | P70: =IF(O70>0.5,1,0) | Q70: =O70-G70 | R70: =Q70^2 | S70: =IF(P70=G70,1,0)
B71: 5 | C71: 5.1 | D71: 3.8 | E71: 1.9 | F71: 0.4 | G71: 0 | I71: =I70 | J71: =J70 | K71: =K70 | L71: =L70 | M71: =M70 | N71: =I71+J71*C71+K71*D71+L71*E71+F71*M71 | O71: =1/(1+EXP(-N71)) | P71: =IF(O71>0.5,1,0) | Q71: =O71-G71 | R71: =Q71^2 | S71: =IF(P71=G71,1,0)
B72: 6 | C72: 4.8 | D72: 3 | E72: 1.4 | F72: 0.3 | G72: 0 | I72: =I71 | J72: =J71 | K72: =K71 | L72: =L71 | M72: =M71 | N72: =I72+J72*C72+K72*D72+L72*E72+F72*M72 | O72: =1/(1+EXP(-N72)) | P72: =IF(O72>0.5,1,0) | Q72: =O72-G72 | R72: =Q72^2 | S72: =IF(P72=G72,1,0)
B73: 7 | C73: 5.1 | D73: 3.8 | E73: 1.6 | F73: 0.2 | G73: 0 | I73: =I72 | J73: =J72 | K73: =K72 | L73: =L72 | M73: =M72 | N73: =I73+J73*C73+K73*D73+L73*E73+F73*M73 | O73: =1/(1+EXP(-N73)) | P73: =IF(O73>0.5,1,0) | Q73: =O73-G73 | R73: =Q73^2 | S73: =IF(P73=G73,1,0)
B74: 8 | C74: 4.6 | D74: 3.2 | E74: 1.4 | F74: 0.2 | G74: 0 | I74: =I73 | J74: =J73 | K74: =K73 | L74: =L73 | M74: =M73 | N74: =I74+J74*C74+K74*D74+L74*E74+F74*M74 | O74: =1/(1+EXP(-N74)) | P74: =IF(O74>0.5,1,0) | Q74: =O74-G74 | R74: =Q74^2 | S74: =IF(P74=G74,1,0)
B75: 9 | C75: 5.3 | D75: 3.7 | E75: 1.5 | F75: 0.2 | G75: 0 | I75: =I74 | J75: =J74 | K75: =K74 | L75: =L74 | M75: =M74 | N75: =I75+J75*C75+K75*D75+L75*E75+F75*M75 | O75: =1/(1+EXP(-N75)) | P75: =IF(O75>0.5,1,0) | Q75: =O75-G75 | R75: =Q75^2 | S75: =IF(P75=G75,1,0)
B76: 10 | C76: 5 | D76: 3.3 | E76: 1.4 | F76: 0.2 | G76: 0 | I76: =I75 | J76: =J75 | K76: =K75 | L76: =L75 | M76: =M75 | N76: =I76+J76*C76+K76*D76+L76*E76+F76*M76 | O76: =1/(1+EXP(-N76)) | P76: =IF(O76>0.5,1,0) | Q76: =O76-G76 | R76: =Q76^2 | S76: =IF(P76=G76,1,0)
B77: 11 | C77: 5.5 | D77: 2.6 | E77: 4.4 | F77: 1.2 | G77: 1 | I77: =I76 | J77: =J76 | K77: =K76 | L77: =L76 | M77: =M76 | N77: =I77+J77*C77+K77*D77+L77*E77+F77*M77 | O77: =1/(1+EXP(-N77)) | P77: =IF(O77>0.5,1,0) | Q77: =O77-G77 | R77: =Q77^2 | S77: =IF(P77=G77,1,0)
B78: 12 | C78: 6.1 | D78: 3 | E78: 4.6 | F78: 1.4 | G78: 1 | I78: =I77 | J78: =J77 | K78: =K77 | L78: =L77 | M78: =M77 | N78: =I78+J78*C78+K78*D78+L78*E78+F78*M78 | O78: =1/(1+EXP(-N78)) | P78: =IF(O78>0.5,1,0) | Q78: =O78-G78 | R78: =Q78^2 | S78: =IF(P78=G78,1,0)
B79: 13 | C79: 5.8 | D79: 2.6 | E79: 4 | F79: 1.2 | G79: 1 | I79: =I78 | J79: =J78 | K79: =K78 | L79: =L78 | M79: =M78 | N79: =I79+J79*C79+K79*D79+L79*E79+F79*M79 | O79: =1/(1+EXP(-N79)) | P79: =IF(O79>0.5,1,0) | Q79: =O79-G79 | R79: =Q79^2 | S79: =IF(P79=G79,1,0)
... B86: 20 | C86: 5.7 | D86: 2.8 | E86: 4.1 | F86: 1.3 | G86: 1 | I86: =I85 | J86: =J85 | K86: =K85 | L86: =L85 | M86: =M85 | N86: =I86+J86*C86+K86*D86+L86*E86+F86*M86 | O86: =1/(1+EXP(-N86)) | P86: =IF(O86>0.5,1,0) | Q86: =O86-G86 | R86: =Q86^2 | S86: =IF(P86=G86,1,0)
A87: epoch 5 | B87: 1 | C87: 5 | D87: 3.5 | E87: 1.3 | F87: 0.3 | G87: 0 | I87: ='SLP-Training'!$AC$9 | J87: ='SLP-Training'!$AD$9 | K87: ='SLP-Training'!$AE$9 | L87: ='SLP-Training'!$AF$9 | M87: ='SLP-Training'!$AG$9 | N87: =I87+J87*C87+K87*D87+L87*E87+F87*M87 | O87: =1/(1+EXP(-N87)) | P87: =IF(O87>0.5,1,0) | Q87: =O87-G87 | R87: =Q87^2 | S87: =IF(P87=G87,1,0)
B88: 2 | C88: 4.5 | D88: 2.3 | E88: 1.3 | F88: 0.3 | G88: 0 | I88: =I87 | J88: =J87 | K88: =K87 | L88: =L87 | M88: =M87 | N88: =I88+J88*C88+K88*D88+L88*E88+F88*M88 | O88: =1/(1+EXP(-N88)) | P88: =IF(O88>0.5,1,0) | Q88: =O88-G88 | R88: =Q88^2 | S88: =IF(P88=G88,1,0)
B89: 3 | C89: 4.4 | D89: 3.2 | E89: 1.3 | F89: 0.2 | G89: 0 | I89: =I88 | J89: =J88 | K89: =K88 | L89: =L88 | M89: =M88 | N89: =I89+J89*C89+K89*D89+L89*E89+F89*M89 | O89: =1/(1+EXP(-N89)) | P89: =IF(O89>0.5,1,0) | Q89: =O89-G89 | R89: =Q89^2 | S89: =IF(P89=G89,1,0)
B90: 4 | C90: 5 | D90: 3.5 | E90: 1.6 | F90: 0.6 | G90: 0 | I90: =I89 | J90: =J89 | K90: =K89 | L90: =L89 | M90: =M89 | N90: =I90+J90*C90+K90*D90+L90*E90+F90*M90 | O90: =1/(1+EXP(-N90)) | P90: =IF(O90>0.5,1,0) | Q90: =O90-G90 | R90: =Q90^2 | S90: =IF(P90=G90,1,0)
B91: 5 | C91: 5.1 | D91: 3.8 | E91: 1.9 | F91: 0.4 | G91: 0 | I91: =I90 | J91: =J90 | K91: =K90 | L91: =L90 | M91: =M90 | N91: =I91+J91*C91+K91*D91+L91*E91+F91*M91 | O91: =1/(1+EXP(-N91)) | P91: =IF(O91>0.5,1,0) | Q91: =O91-G91 | R91: =Q91^2 | S91: =IF(P91=G91,1,0)
B92: 6 | C92: 4.8 | D92: 3 | E92: 1.4 | F92: 0.3 | G92: 0 | I92: =I91 | J92: =J91 | K92: =K91 | L92: =L91 | M92: =M91 | N92: =I92+J92*C92+K92*D92+L92*E92+F92*M92 | O92: =1/(1+EXP(-N92)) | P92: =IF(O92>0.5,1,0) | Q92: =O92-G92 | R92: =Q92^2 | S92: =IF(P92=G92,1,0)
B93: 7 | C93: 5.1 | D93: 3.8 | E93: 1.6 | F93: 0.2 | G93: 0 | I93: =I92 | J93: =J92 | K93: =K92 | L93: =L92 | M93: =M92 | N93: =I93+J93*C93+K93*D93+L93*E93+F93*M93 | O93: =1/(1+EXP(-N93)) | P93: =IF(O93>0.5,1,0) | Q93: =O93-G93 | R93: =Q93^2 | S93: =IF(P93=G93,1,0)
B94: 8 | C94: 4.6 | D94: 3.2 | E94: 1.4 | F94: 0.2 | G94: 0 | I94: =I93 | J94: =J93 | K94: =K93 | L94: =L93 | M94: =M93 | N94: =I94+J94*C94+K94*D94+L94*E94+F94*M94 | O94: =1/(1+EXP(-N94)) | P94: =IF(O94>0.5,1,0) | Q94: =O94-G94 | R94: =Q94^2 | S94: =IF(P94=G94,1,0)
B95: 9 | C95: 5.3 | D95: 3.7 | E95: 1.5 | F95: 0.2 | G95: 0 | I95: =I94 | J95: =J94 | K95: =K94 | L95: =L94 | M95: =M94 | N95: =I95+J95*C95+K95*D95+L95*E95+F95*M95 | O95: =1/(1+EXP(-N95)) | P95: =IF(O95>0.5,1,0) | Q95: =O95-G95 | R95: =Q95^2 | S95: =IF(P95=G95,1,0)
B96: 10 | C96: 5 | D96: 3.3 | E96: 1.4 | F96: 0.2 | G96: 0 | I96: =I95 | J96: =J95 | K96: =K95 | L96: =L95 | M96: =M95 | N96: =I96+J96*C96+K96*D96+L96*E96+F96*M96 | O96: =1/(1+EXP(-N96)) | P96: =IF(O96>0.5,1,0) | Q96: =O96-G96 | R96: =Q96^2 | S96: =IF(P96=G96,1,0)
B97: 11 | C97: 5.5 | D97: 2.6 | E97: 4.4 | F97: 1.2 | G97: 1 | I97: =I96 | J97: =J96 | K97: =K96 | L97: =L96 | M97: =M96 | N97: =I97+J97*C97+K97*D97+L97*E97+F97*M97 | O97: =1/(1+EXP(-N97)) | P97: =IF(O97>0.5,1,0) | Q97: =O97-G97 | R97: =Q97^2 | S97: =IF(P97=G97,1,0)
B98: 12 | C98: 6.1 | D98: 3 | E98: 4.6 | F98: 1.4 | G98: 1 | I98: =I97 | J98: =J97 | K98: =K97 | L98: =L97 | M98: =M97 | N98: =I98+J98*C98+K98*D98+L98*E98+F98*M98 | O98: =1/(1+EXP(-N98)) | P98: =IF(O98>0.5,1,0) | Q98: =O98-G98 | R98: =Q98^2 | S98: =IF(P98=G98,1,0)
B99: 13 | C99: 5.8 | D99: 2.6 | E99: 4 | F99: 1.2 | G99: 1 | I99: =I98 | J99: =J98 | K99: =K98 | L99: =L98 | M99: =M98 | N99: =I99+J99*C99+K99*D99+L99*E99+F99*M99 | O99: =1/(1+EXP(-N99)) | P99: =IF(O99>0.5,1,0) | Q99: =O99-G99 | R99: =Q99^2 | S99: =IF(P99=G99,1,0)
... B106: 20 | C106: 5.7 | D106: 2.8 | E106: 4.1 | F106: 1.3 | G106: 1 | I106: =I105 | J106: =J105 | K106: =K105 | L106: =L105 | M106: =M105 | N106: =I106+J106*C106+K106*D106+L106*E106+F106*M106 | O106: =1/(1+EXP(-N106)) | P106: =IF(O106>0.5,1,0) | Q106: =O106-G106 | R106: =Q106^2 | S106: =IF(P106=G106,1,0)

Sheet Charts
A1: SLP Iris - Setosa (0) vs Versicolor (1)
A2: Learning rate = 0.1 | Epoch = 5 | Bobot awal = 0.5
A3: Training = 80 sampel | Validation = 20 sampel
A5: Epoch | B5: Train Accuracy | C5: Validation Accuracy | D5: Train Loss | E5: Validation Loss
A6: 1 | B6: ='SLP-Training'!AB5 | C6: ='SLP-Validation'!AB5 | D6: ='SLP-Training'!AA5 | E6: ='SLP-Validation'!AA5
A7: 2 | B7: ='SLP-Training'!AB6 | C7: ='SLP-Validation'!AB6 | D7: ='SLP-Training'!AA6 | E7: ='SLP-Validation'!AA6
A8: 3 | B8: ='SLP-Training'!AB7 | C8: ='SLP-Validation'!AB7 | D8: ='SLP-Training'!AA7 | E8: ='SLP-Validation'!AA7
A9: 4 | B9: ='SLP-Training'!AB8 | C9: ='SLP-Validation'!AB8 | D9: ='SLP-Training'!AA8 | E9: ='SLP-Validation'!AA8
A10: 5 | B10: ='SLP-Training'!AB9 | C10: ='SLP-Validation'!AB9 | D10: ='SLP-Training'!AA9 | E10: ='SLP-Validation'!AA9
